name,schluessel,gemeinde,gmdschl,bbox
Balve,51034,Balve,5962008,"(416505.92, 5685668.71, 422227.29, 5690223.0)"
Vormholz,51089,Witten,5954036,"(380475.86, 5693082.57, 383527.55, 5698615.73)"
Westherbede,51090,Witten,5954036,"(378439.01, 5694901.96, 381162.14, 5698480.18)"
Altenbochum,51091,Bochum,5911000,"(377254.55, 5702010.05, 379576.9, 5705900.9)"
Hofstede,51099,Bochum,5911000,"(373529.9, 5706407.14, 376775.23, 5708921.14)"
Eisborn,51037,Balve,5962008,"(419790.95, 5691583.05, 423970.97, 5694681.83)"
Garbeck,51038,Balve,5962008,"(414492.32, 5683338.15, 420348.72, 5688907.79)"
Küntrop,51039,Neuenrade,5962048,"(415675.08, 5679396.13, 419006.34, 5684546.01)"
Langenholthausen,51040,Balve,5962008,"(419458.23, 5682599.94, 425727.58, 5686683.71)"
Laer,51101,Bochum,5911000,"(378239.26, 5701183.19, 381629.37, 5705008.86)"
Querenburg,51102,Bochum,5911000,"(377421.41, 5698372.93, 381893.42, 5702880.48)"
Riemke,51103,Bochum,5911000,"(374696.13, 5707394.58, 377719.21, 5709389.17)"
Weitmar,51105,Bochum,5911000,"(372282.48, 5697998.78, 376542.53, 5704714.92)"
Wiemelhausen,51106,Bochum,5911000,"(374411.89, 5700160.28, 379017.43, 5704419.35)"
Breitenbruch,51044,Arnsberg,5958004,"(435573.02, 5696433.29, 440399.58, 5700118.52)"
Freienohl,51045,Meschede,5958032,"(438860.9, 5690303.68, 443156.24, 5693941.4)"
Grevenstein,51046,Meschede,5958032,"(437000.27, 5679756.83, 440842.32, 5685719.81)"
Hellefeld,51047,Sundern (Sauerl.),5958044,"(432988.25, 5685978.08, 438501.87, 5690477.4)"
Sevinghausen,51157,Bochum,5911000,"(368587.48, 5701193.39, 370849.83, 5703964.33)"
Wattenscheid,51159,Bochum,5911000,"(368837.99, 5703747.72, 373021.26, 5706649.3)"
Westenfeld,51160,Bochum,5911000,"(370184.44, 5702433.18, 373183.04, 5704962.25)"
Witten,51161,Witten,5954036,"(381710.81, 5698074.07, 386924.65, 5702640.65)"
Altenbüren,51162,Brilon,5958012,"(462948.06, 5691197.99, 466893.63, 5699367.9)"
Oeventrop,51051,Arnsberg,5958004,"(438686.46, 5691635.67, 445081.61, 5699354.37)"
Uentrop,51053,Arnsberg,5958004,"(435547.84, 5693893.28, 439916.63, 5698199.1)"
Westenfeld,51055,Sundern (Sauerl.),5958044,"(430970.93, 5684948.54, 435011.39, 5689628.98)"
Hachen,51061,Sundern (Sauerl.),5958044,"(427372.25, 5687140.13, 433291.16, 5694163.52)"
Herdringen,51062,Arnsberg,5958004,"(425101.67, 5694419.89, 429610.76, 5698781.05)"
Holzen,51063,Arnsberg,5958004,"(422530.32, 5691718.56, 428275.78, 5699595.89)"
Hövel,51064,Sundern (Sauerl.),5958044,"(423771.76, 5688660.28, 428151.63, 5692845.52)"
Müschede,51068,Arnsberg,5958004,"(427389.12, 5693777.51, 433598.98, 5697449.93)"
Niedereimer,51069,Arnsberg,5958004,"(432020.15, 5695976.79, 437343.07, 5700117.01)"
Voßwinkel,51071,Arnsberg,5958004,"(421078.59, 5697981.81, 425743.02, 5705033.82)"
Neheim-Hüsten,51073,Arnsberg,5958004,"(423154.74, 5696059.51, 434065.9, 5703087.95)"
Allagen,51074,Warstein,5974044,"(444499.71, 5694885.33, 450523.66, 5708197.91)"
Belecke,51075,Warstein,5974044,"(451399.16, 5701741.44, 456515.53, 5707162.15)"
Warstein,51078,Warstein,5974044,"(449511.37, 5693267.36, 457638.12, 5702578.96)"
Blankenstein,51079,Hattingen,5954016,"(375791.56, 5693010.24, 378753.36, 5697287.85)"
Dahlhausen,51110,Bochum,5911000,"(369247.98, 5697453.88, 372906.62, 5700835.07)"
Dumberg,51111,Hattingen,5954016,"(368429.74, 5695594.0, 371309.49, 5698767.04)"
Linden,51114,Bochum,5911000,"(371452.46, 5697401.02, 374159.26, 5700258.78)"
Holthausen,51112,Hattingen,5954016,"(373763.7, 5693182.25, 377663.9, 5696320.98)"
Niederelfringhausen,51117,Hattingen,5954016,"(370821.65, 5688374.8, 373516.15, 5691575.21)"
Niederstüter,51118,Hattingen,5954016,"(372480.13, 5689672.95, 377286.36, 5693425.05)"
Winz,51125,Hattingen,5954016,"(370855.01, 5693591.83, 372964.73, 5697997.96)"
Hattingen,51126,Hattingen,5954016,"(371624.0, 5693288.31, 375165.36, 5697438.19)"
Baukau,51127,Herne,5916000,"(373502.44, 5711143.34, 376837.4, 5713667.15)"
Langendreer,51139,Bochum,5911000,"(381352.95, 5701685.17, 385351.39, 5706361.79)"
Obermarsberg,51211,Marsberg,5958024,"(484280.28, 5695566.2, 492560.34, 5700993.01)"
Werne,51142,Bochum,5911000,"(380395.81, 5703229.6, 383600.94, 5707442.12)"
Eppendorf,51145,Bochum,5911000,"(372023.68, 5700494.82, 374002.69, 5703221.39)"
Günnigfeld,51149,Bochum,5911000,"(370696.37, 5705001.48, 373080.83, 5707735.44)"
Höntrop,51151,Bochum,5911000,"(369922.05, 5700297.43, 372892.36, 5703568.97)"
Bigge,51165,Olsberg,5958036,"(461490.64, 5684936.38, 464412.58, 5691197.99)"
Benninghofen,51241,Dortmund,5913000,"(395293.7, 5701449.77, 398048.52, 5704497.27)"
Brackel,51242,Dortmund,5913000,"(397642.78, 5707198.17, 401483.56, 5711774.77)"
Hacheney,51243,Dortmund,5913000,"(391778.29, 5702748.58, 395253.56, 5705718.89)"
Kirchhörde,51244,Dortmund,5913000,"(389142.95, 5699008.67, 393515.37, 5704531.31)"
Siedlinghausen,51174,Winterberg,5958048,"(459424.13, 5671999.88, 465669.81, 5680125.06)"
Oestrich,51268,Dortmund,5913000,"(384869.54, 5712981.19, 387566.77, 5716225.26)"
Boele,51318,Hagen,5914000,"(391497.86, 5692702.65, 395856.37, 5697388.27)"
Delstern,51319,Hagen,5914000,"(395154.93, 5684839.22, 398419.81, 5690064.79)"
Eckesey,51320,Hagen,5914000,"(391885.92, 5691309.52, 394666.79, 5694015.65)"
Eppenhausen,51322,Hagen,5914000,"(394449.9, 5689402.7, 397073.41, 5692463.3)"
Fley,51323,Hagen,5914000,"(394255.2, 5692869.44, 397210.85, 5695267.87)"
Halden,51324,Hagen,5914000,"(394649.29, 5691553.18, 397538.95, 5694283.5)"
Brilon,51177,Brilon,5958012,"(464531.66, 5681988.69, 476380.78, 5701963.69)"
Hallenberg,51178,Hallenberg,5958020,"(464822.35, 5660406.44, 477540.69, 5665984.75)"
Braunshausen,51179,Hallenberg,5958020,"(475944.43, 5661529.91, 480407.93, 5665274.8)"
Hesborn,51180,Hallenberg,5958020,"(469787.66, 5664641.42, 476917.93, 5669572.45)"
Küstelberg,51187,Medebach,5958028,"(471209.21, 5672655.62, 475405.28, 5677472.09)"
Medebach,51188,Medebach,5958028,"(471363.28, 5667251.2, 483822.44, 5676161.31)"
Medelon,51189,Medebach,5958028,"(473991.4, 5666836.69, 478779.37, 5670636.83)"
Giershagen,51196,Marsberg,5958024,"(484616.0, 5692681.96, 489876.5, 5697710.92)"
Eversberg,51502,Meschede,5958032,"(450952.6, 5687475.19, 456388.89, 5694251.06)"
Gevelinghausen,51503,Olsberg,5958036,"(459238.22, 5681798.16, 463306.88, 5689848.31)"
Meschede-Stadt,51521,Meschede,5958032,"(448793.47, 5686366.24, 452794.3, 5695323.5)"
Heggen,51542,Finnentrop,5966012,"(422959.86, 5664658.56, 427874.96, 5670690.04)"
Helden,51543,Attendorn,5966004,"(423361.47, 5659465.78, 430349.24, 5667735.86)"
Windhausen,51544,Attendorn,5966004,"(415775.46, 5664391.16, 422866.2, 5669414.53)"
Attendorn,51545,Attendorn,5966004,"(420814.64, 5659191.62, 426216.36, 5669131.9)"
Elspe,51546,Lennestadt,5966020,"(429482.98, 5662319.03, 439577.81, 5670639.51)"
Grevenbrück,51547,Lennestadt,5966020,"(429120.72, 5661520.33, 434481.92, 5666500.05)"
Kirchveischede,51548,Lennestadt,5966020,"(427023.29, 5656603.27, 433672.68, 5662706.46)"
Rahrbach,51549,Kirchhundem,5966016,"(425252.68, 5653467.72, 433860.21, 5658742.02)"
Ewig,51541,Attendorn,5966004,"(417237.38, 5658564.31, 423608.03, 5665617.89)"
Selbecke,51563,Kirchhundem,5966016,"(438540.06, 5659602.12, 443973.66, 5662942.58)"
Würdinghausen,51564,Kirchhundem,5966016,"(436692.09, 5652473.98, 440397.88, 5662532.05)"
Kleusheim,51565,Olpe,5966024,"(422615.51, 5649611.43, 426464.05, 5657056.86)"
Olpe-Land,51566,Olpe,5966024,"(416067.51, 5649039.08, 423657.48, 5655919.09)"
Rhode,51568,Olpe,5966024,"(416628.23, 5654895.72, 428125.48, 5660278.61)"
Hünsborn,51569,Wenden,5966028,"(414698.43, 5641994.06, 424487.93, 5649389.08)"
Römershagen,51570,Wenden,5966028,"(414323.25, 5642076.13, 419565.35, 5648432.92)"
Schönau,51571,Wenden,5966028,"(421583.58, 5643862.11, 425754.5, 5649697.42)"
Wenden,51572,Wenden,5966028,"(416741.37, 5645159.41, 424519.87, 5650798.21)"
Burbach,51573,Burbach,5970008,"(433156.33, 5618494.36, 437594.0, 5623879.97)"
Niedermarsberg,51201,Marsberg,5958024,"(487378.95, 5699424.92, 493828.86, 5704491.34)"
Padberg,51202,Marsberg,5958024,"(479264.16, 5691555.5, 485716.93, 5695892.21)"
Madfeld,51214,Brilon,5958012,"(477895.53, 5696716.07, 483131.29, 5701678.2)"
Alme,51217,Brilon,5958012,"(470336.42, 5696986.26, 479282.79, 5703785.46)"
Winterberg,51225,Winterberg,5958048,"(462621.18, 5667817.51, 472602.34, 5676669.85)"
Hengsen,51231,Holzwickede,5978016,"(403084.85, 5700918.98, 407817.9, 5705524.55)"
Holzwickede,51232,Holzwickede,5978016,"(402558.48, 5704089.33, 406418.66, 5708658.06)"
Hörde,51247,Dortmund,5913000,"(394413.63, 5703778.15, 397327.61, 5706618.39)"
Bodelschwingh,51249,Dortmund,5913000,"(385403.85, 5711539.11, 388255.79, 5713642.56)"
Börnig,51250,Herne,5916000,"(378521.02, 5710706.97, 380613.54, 5714483.85)"
Westerfilde,51271,Dortmund,5913000,"(385476.61, 5710032.75, 388355.06, 5712148.23)"
Süddinker,51390,Hamm,5915000,"(423119.52, 5719406.17, 426421.35, 5722287.6)"
Brambauer,51273,Lünen,5978024,"(390388.72, 5715415.57, 395985.61, 5719228.24)"
Brechten,51274,Dortmund,5913000,"(392160.12, 5713386.35, 396195.77, 5716795.24)"
Kirchderne,51280,Dortmund,5913000,"(394997.5, 5709451.6, 398694.92, 5713898.32)"
Schwitten,51438,Menden (Sauerl.),5962040,"(414347.71, 5699742.96, 420060.6, 5703669.75)"
Sümmern,51439,Iserlohn,5962024,"(408167.97, 5694206.93, 412160.68, 5699728.66)"
Wimbern,51440,Wickede (Ruhr),5974056,"(419276.51, 5701291.3, 422303.12, 5704616.53)"
Menden,51441,Menden (Sauerl.),5962040,"(411406.26, 5695536.95, 419527.02, 5701653.78)"
Lünen,51283,Lünen,5978024,"(394871.33, 5715651.05, 399499.57, 5720520.36)"
Annen,51284,Witten,5954036,"(385111.15, 5695331.07, 388411.55, 5703654.05)"
Dorstfeld,51287,Dortmund,5913000,"(388606.83, 5706021.62, 391237.49, 5709409.77)"
Huckarde,51289,Dortmund,5913000,"(388419.21, 5708558.8, 390770.35, 5712414.92)"
Kley,51291,Dortmund,5913000,"(384740.22, 5704480.05, 386974.4, 5706774.33)"
Rüdinghausen,51296,Witten,5954036,"(387211.12, 5697984.8, 390408.72, 5701986.62)"
Schwerte,51298,Schwerte,5978028,"(398741.37, 5698733.1, 402828.39, 5703612.53)"
Holthausen,51326,Hagen,5914000,"(396761.27, 5687286.19, 399597.97, 5691237.14)"
Hagen,51328,Hagen,5914000,"(390805.2, 5685676.77, 396149.54, 5692877.73)"
Gennebreck,51329,Sprockhövel,5954028,"(372328.02, 5684126.74, 378251.39, 5688549.09)"
Ende,51333,Herdecke,5954020,"(385479.16, 5694963.25, 393475.25, 5699480.18)"
Herdecke,51335,Herdecke,5954020,"(385932.98, 5694393.69, 393267.59, 5698117.65)"
Schwelm,51339,Schwelm,5954024,"(378363.38, 5678971.83, 382839.61, 5685405.78)"
Niedersprockhövel,51341,Sprockhövel,5954028,"(376010.91, 5689944.39, 380108.84, 5694080.08)"
Obersprockhövel,51342,Sprockhövel,5954028,"(374856.58, 5687010.42, 380206.1, 5691216.4)"
Berge,51344,Gevelsberg,5954012,"(383973.96, 5687416.11, 387457.33, 5690202.72)"
Wengern,51350,Wetter (Ruhr),5954032,"(382789.46, 5692401.78, 386982.93, 5696734.51)"
Kamen,51351,Kamen,5978020,"(405032.23, 5713693.69, 409544.93, 5718278.27)"
Fröndenberg,51355,Fröndenberg/Ruhr,5978012,"(411629.56, 5702472.1, 416875.39, 5705876.65)"
Heil,51361,Bergkamen,5978004,"(400908.26, 5719721.12, 405642.66, 5722876.0)"
Herringen,51362,Hamm,5915000,"(410098.52, 5721841.28, 414989.21, 5726056.93)"
Nordbögge,51364,Bönen,5978008,"(410948.88, 5717630.22, 414127.21, 5720311.55)"
Pelkum,51367,Hamm,5915000,"(410797.83, 5719564.76, 417074.82, 5723276.17)"
Rünthe,51369,Bergkamen,5978004,"(404818.9, 5721629.57, 409020.18, 5724190.79)"
Westerbönen,51372,Bönen,5978008,"(414124.18, 5716363.78, 416777.37, 5719707.53)"
Berge,51375,Hamm,5915000,"(416935.3, 5720581.72, 420758.55, 5724692.84)"
Braam-Ostwennemar,51376,Hamm,5915000,"(421093.28, 5723060.82, 424839.97, 5726765.16)"
Flierich,51377,Bönen,5978008,"(415889.78, 5713737.44, 418584.18, 5717539.99)"
Bramey-Lenningsen,51382,Bönen,5978008,"(412634.55, 5712931.75, 416956.04, 5716648.59)"
Bottenberg,51604,Freudenberg,5970016,"(421878.99, 5638558.25, 423433.86, 5640207.32)"
Westtünnen,51395,Hamm,5915000,"(419848.63, 5721467.75, 422758.51, 5725769.32)"
Unna,51396,Unna,5978036,"(407052.13, 5707234.55, 411361.58, 5714139.46)"
Mühlhausen,51402,Unna,5978036,"(411341.74, 5708995.66, 413582.33, 5713456.48)"
Oberaden,51405,Bergkamen,5978004,"(400320.87, 5716711.02, 403593.09, 5720399.74)"
Massen,51406,Unna,5978036,"(404901.83, 5706709.33, 407452.76, 5712603.9)"
Uelzen,51410,Unna,5978036,"(409691.06, 5709299.15, 411988.89, 5713982.07)"
Weddinghofen,51412,Bergkamen,5978004,"(402873.94, 5716063.73, 405396.09, 5720962.98)"
Ergste,51417,Schwerte,5978028,"(397815.92, 5693588.74, 404880.21, 5698537.7)"
Hennen,51418,Iserlohn,5962024,"(403627.34, 5694721.64, 409967.12, 5703306.92)"
Frönsberg,51422,Hemer,5962016,"(412486.58, 5686741.64, 416430.01, 5690277.12)"
Ihmert,51423,Hemer,5962016,"(410829.82, 5685291.25, 414803.69, 5690893.03)"
Kesbern,51424,Iserlohn,5962024,"(406349.91, 5684197.84, 411153.45, 5689213.93)"
Anröchte,51444,Anröchte,5974004,"(451155.47, 5708482.07, 455564.87, 5715587.13)"
Häverstädt,52740,Minden,5770024,"(489762.33, 5788524.24, 493520.67, 5791378.36)"
Kneblinghausen,51477,Rüthen,5974036,"(462153.73, 5700992.72, 468594.67, 5707231.3)"
Haldem,52742,Stemwede,5770044,"(455830.29, 5804296.75, 460585.27, 5811360.72)"
Suttrop,51483,Warstein,5974044,"(454266.04, 5695338.63, 458964.56, 5703345.14)"
Werste,52822,Bad Oeynhausen,5770004,"(483006.4, 5784070.36, 486564.85, 5787224.82)"
Großdornberg,52858,Bielefeld,5711000,"(461880.75, 5765038.09, 465605.34, 5767443.19)"
Heepen,52859,Bielefeld,5711000,"(471403.48, 5762774.1, 474770.87, 5766234.87)"
Hillegossen,52860,Bielefeld,5711000,"(472543.7, 5759357.57, 474621.79, 5761408.63)"
Hoberge-Uerentrup,52861,Bielefeld,5711000,"(461170.96, 5762750.69, 465058.13, 5765618.83)"
Jöllenbeck,52864,Bielefeld,5711000,"(463719.48, 5769356.98, 470742.99, 5773917.38)"
Benninghausen,51460,Lippstadt,5974028,"(445998.57, 5720754.25, 450751.53, 5724261.06)"
Eikeloh,51461,Erwitte,5974016,"(457680.03, 5716064.46, 460616.37, 5720373.29)"
Erwitte,51462,Erwitte,5974016,"(451996.6, 5714609.45, 458016.79, 5721037.94)"
Steinhausen,52959,Büren,5774016,"(463574.42, 5711431.0, 470133.33, 5716262.65)"
Thüle,52960,Salzkotten,5774036,"(469009.18, 5726199.4, 473872.86, 5731076.06)"
Bad Westernkotten,51467,Erwitte,5974016,"(453635.84, 5715952.83, 458847.63, 5721777.91)"
Geseke,51468,Geseke,5974020,"(463798.46, 5715044.28, 471413.4, 5726012.24)"
Lippstadt,51469,Lippstadt,5974028,"(451649.27, 5721327.09, 457079.77, 5730165.09)"
Kallenhardt,51475,Rüthen,5974036,"(457720.72, 5695037.82, 463125.37, 5702384.29)"
Rüthen,51486,Rüthen,5974036,"(457452.05, 5698516.6, 467091.2, 5707715.04)"
Bökenförde,51487,Lippstadt,5974028,"(456603.7, 5719662.38, 459847.3, 5723673.88)"
Störmede,51495,Geseke,5974020,"(461027.13, 5716300.92, 464527.21, 5723146.5)"
Ramsbeck,51505,Bestwig,5958008,"(455541.87, 5679065.5, 461454.01, 5686708.53)"
Velmede,51506,Bestwig,5958008,"(454643.75, 5685750.2, 459003.04, 5694679.77)"
Berghausen,51507,Schmallenberg,5958040,"(441626.29, 5668301.4, 450099.36, 5674677.51)"
Dorlar,51510,Schmallenberg,5958040,"(443873.12, 5672146.53, 451050.27, 5677969.64)"
Fredeburg,51511,Schmallenberg,5958040,"(450406.44, 5669187.23, 455856.47, 5674405.2)"
Rarbach,51514,Schmallenberg,5958040,"(448814.6, 5672687.29, 454871.61, 5680883.79)"
Berge,51515,Meschede,5958032,"(438130.66, 5684032.03, 443396.58, 5691142.32)"
Calle,51516,Meschede,5958032,"(441743.27, 5682089.29, 448185.18, 5688008.44)"
Enkhausen,51518,Meschede,5958032,"(446826.68, 5680753.24, 451131.43, 5685808.02)"
Wennemen,51523,Meschede,5958032,"(442215.62, 5687617.91, 447305.27, 5695801.66)"
Bracht,51524,Schmallenberg,5958040,"(439158.75, 5665348.65, 447479.7, 5669943.93)"
Grafschaft,51525,Schmallenberg,5958040,"(451252.63, 5660347.15, 457680.19, 5669733.61)"
Fleckenberg,51529,Schmallenberg,5958040,"(446662.35, 5661140.06, 451501.33, 5666757.31)"
Oberkirchen,51530,Schmallenberg,5958040,"(451468.71, 5664155.85, 464295.53, 5673627.16)"
Schmallenberg,51531,Schmallenberg,5958040,"(448187.6, 5661541.93, 453221.37, 5669716.58)"
Wormbach,51535,Schmallenberg,5958040,"(446552.97, 5667784.22, 451496.51, 5672881.14)"
Fretter,51536,Finnentrop,5966012,"(430716.8, 5670177.57, 437966.89, 5677694.96)"
Lenhausen,51537,Finnentrop,5966012,"(425010.9, 5667215.0, 430002.94, 5677093.21)"
Bleche,51551,Drolshagen,5966008,"(409020.26, 5652474.85, 414713.11, 5658849.54)"
Brachtpe,51552,Drolshagen,5966008,"(414242.84, 5649064.06, 417611.04, 5653561.52)"
Dumicke,51554,Drolshagen,5966008,"(412245.8, 5653338.29, 418094.56, 5659418.4)"
Husten,51555,Drolshagen,5966008,"(410481.32, 5648096.24, 415582.16, 5652150.6)"
Altenhundem,51556,Lennestadt,5966020,"(433045.76, 5659142.67, 439645.37, 5665055.14)"
Drolshagen,51553,Drolshagen,5966008,"(411816.13, 5650875.77, 416554.66, 5655244.69)"
Heinsberg,51558,Kirchhundem,5966016,"(438622.53, 5650833.69, 445530.46, 5656584.22)"
Kirchhundem,51559,Kirchhundem,5966016,"(432346.99, 5656303.35, 438878.63, 5661975.25)"
Holzhausen,51575,Burbach,5970008,"(435592.4, 5618929.64, 441212.81, 5623012.82)"
Neunkirchen,51578,Neunkirchen,5970036,"(427706.85, 5625576.14, 430296.95, 5629678.77)"
Niederdresselndorf,51579,Burbach,5970008,"(435519.24, 5616143.14, 440746.5, 5619925.51)"
Wahlbach,51584,Burbach,5970008,"(430215.6, 5620101.11, 435202.84, 5625053.94)"
Wiederstein,51585,Neunkirchen,5970036,"(430833.26, 5622981.27, 435140.24, 5627415.78)"
Zeppenfeld,51588,Neunkirchen,5970036,"(429875.58, 5622020.81, 434909.31, 5627759.21)"
Buschhütten,51592,Kreuztal,5970024,"(428399.33, 5641860.17, 431722.84, 5645709.92)"
Eichen,51595,Kreuztal,5970024,"(425402.53, 5646577.08, 429386.86, 5649782.94)"
Kreuztal,51596,Kreuztal,5970024,"(428385.58, 5644815.86, 430343.76, 5649404.29)"
Littfeld,51600,Kreuztal,5970024,"(426062.69, 5648490.11, 431096.5, 5653313.71)"
Stockum,51734,Möhnesee,5974032,"(440021.35, 5699080.46, 442675.43, 5706412.31)"
Freudenberg,51608,Freudenberg,5970016,"(417606.91, 5636808.9, 422386.94, 5642076.13)"
Niederndorf,51618,Freudenberg,5970016,"(421346.02, 5633073.75, 425337.67, 5636561.09)"
Oberfischbach,51619,Freudenberg,5970016,"(422232.93, 5635283.3, 425113.63, 5638009.55)"
Eiserfeld,51678,Siegen,5970040,"(427604.66, 5629342.02, 431481.39, 5634234.27)"
Helberhausen,51630,Hilchenbach,5970020,"(438677.2, 5647314.45, 445129.78, 5651807.83)"
Lützel,51632,Hilchenbach,5970020,"(440774.86, 5644092.61, 445085.55, 5648624.35)"
Vormwald,51637,Hilchenbach,5970020,"(437765.0, 5647352.17, 443434.64, 5649784.15)"
Hilchenbach,51638,Hilchenbach,5970020,"(434445.1, 5647610.99, 439312.14, 5652988.97)"
Afholderbach,51639,Netphen,5970032,"(438493.04, 5642772.82, 442216.53, 5646915.85)"
Brauersdorf,51642,Netphen,5970032,"(438243.77, 5639814.12, 441670.89, 5642392.8)"
Korschenbroich,53188,Korschenbroich,5162020,"(323878.26, 5671785.31, 328377.07, 5678169.08)"
Viersen,53203,Viersen,5166032,"(315479.08, 5677303.81, 322580.49, 5683905.76)"
Bedburdyck,53204,Jüchen,5162012,"(326153.99, 5662947.19, 331710.68, 5670266.61)"
Jüchen,53224,Jüchen,5162012,"(322454.13, 5662311.57, 327340.21, 5665487.51)"
Schöller,53276,Wuppertal,5124000,"(361390.79, 5676954.22, 366429.43, 5681709.44)"
Vohwinkel,53277,Wuppertal,5124000,"(362742.25, 5674865.76, 367803.49, 5681879.72)"
Dönberg,53278,Wuppertal,5124000,"(367175.84, 5682935.93, 373192.66, 5686208.5)"
Cronenberg,53279,Wuppertal,5124000,"(367158.56, 5669905.26, 371981.76, 5677524.61)"
Langenberg,53280,Velbert,5158032,"(367080.98, 5687829.67, 371163.69, 5693892.18)"
Mettmann,53281,Mettmann,5158024,"(355567.27, 5675894.48, 363292.82, 5684559.05)"
Velbert,53282,Velbert,5158032,"(360589.71, 5686732.15, 367607.74, 5693223.82)"
Wülfrath,53283,Wülfrath,5158036,"(360440.55, 5680380.7, 365552.77, 5686031.33)"
Hainchen,51653,Netphen,5970032,"(443423.15, 5631675.01, 449662.39, 5639044.94)"
Repelen,53324,Moers,5170024,"(331393.77, 5703256.2, 338150.99, 5710804.03)"
Rheinberg,53325,Rheinberg,5170032,"(329011.5, 5710658.35, 334900.65, 5716125.94)"
Rheurdt,53328,Rheurdt,5154048,"(320638.54, 5702684.08, 326858.34, 5706921.74)"
Holzheim,53354,Neuss,5162024,"(334363.97, 5667462.19, 338412.96, 5671212.99)"
Kaarst,53355,Kaarst,5162016,"(329801.04, 5676541.37, 337746.82, 5681471.06)"
Nauholz,51657,Netphen,5970032,"(440385.36, 5639080.62, 445951.07, 5644328.68)"
Nenkersdorf,51658,Netphen,5970032,"(441807.44, 5636068.93, 448698.59, 5642435.24)"
Niedernetphen,51659,Netphen,5970032,"(435134.59, 5638885.52, 438039.47, 5644594.41)"
Obernetphen,51662,Netphen,5970032,"(436968.84, 5638308.03, 439122.77, 5641770.01)"
Rheinbach,54151,Rheinbach,5382048,"(351702.92, 5605917.84, 357636.49, 5612004.3)"
Roisdorf,54152,Bornheim,5382012,"(355650.89, 5620518.46, 361028.92, 5626230.27)"
Werthenbach,51670,Netphen,5970032,"(443027.87, 5634402.59, 448850.73, 5639459.64)"
Siegen,51671,Siegen,5970040,"(426987.49, 5632569.48, 433791.98, 5639195.05)"
Niederschelden,51681,Siegen,5970040,"(425023.03, 5631797.63, 430133.28, 5634558.74)"
Weidenau,51686,Siegen,5970040,"(429759.39, 5637631.16, 433661.8, 5641099.71)"
Niederdielfen,51688,Wilnsdorf,5970044,"(432772.75, 5632909.98, 437254.39, 5635549.55)"
Wilnsdorf,51693,Wilnsdorf,5970044,"(435688.77, 5626733.17, 439757.73, 5632497.09)"
Brockhausen,51698,Lippetal,5974024,"(436777.72, 5718472.56, 441667.63, 5721187.12)"
Wellentrup,52215,Blomberg,5766016,"(499397.64, 5752395.19, 502940.75, 5755575.82)"
Bergheim,52310,Steinheim,5762032,"(500313.38, 5740754.6, 505407.31, 5743625.76)"
Beverungen,52311,Beverungen,5762008,"(519963.71, 5720101.46, 527492.54, 5726871.17)"
Bühne,52326,Borgentreich,5762012,"(517540.65, 5711350.0, 525093.99, 5719409.51)"
Großeneder,52352,Borgentreich,5762012,"(508654.35, 5709767.14, 513794.84, 5712823.27)"
Dorfwelver,51708,Welver,5974048,"(426045.12, 5719757.03, 429202.79, 5721626.91)"
Delecke,51717,Möhnesee,5974032,"(433569.43, 5699604.48, 438906.17, 5706377.62)"
Höingen,51724,Ense,5974012,"(425781.7, 5702179.75, 430279.48, 5705582.54)"
Völlinghausen/Möhne,51737,Möhnesee,5974032,"(441018.04, 5697085.58, 445341.42, 5706055.19)"
Sief,54181,Aachen,5334002,"(297458.32, 5617519.67, 300233.14, 5621010.41)"
Heischeid,54208,Reichshof,5374040,"(401678.27, 5642978.67, 406147.29, 5648653.09)"
Hermesdorf,54209,Waldbröl,5374044,"(401947.04, 5637268.65, 407596.56, 5642859.53)"
Tüschen,54235,Lindlar,5374020,"(377232.9, 5648791.58, 381771.39, 5652979.02)"
Unterengelskirchen,54236,Engelskirchen,5374008,"(382478.05, 5645440.32, 388330.09, 5650678.47)"
Vellingen,54237,Lindlar,5374020,"(378575.42, 5648011.2, 384385.7, 5650681.05)"
Wipperfürth,54238,Wipperfürth,5374052,"(382315.09, 5660504.33, 391542.78, 5671869.46)"
Hückeswagen,54239,Hückeswagen,5374016,"(382381.8, 5666726.3, 384789.68, 5668578.48)"
Neuhückeswagen,54240,Hückeswagen,5374016,"(378958.61, 5662364.48, 388000.79, 5672968.53)"
Radevormwald,54241,Radevormwald,5374036,"(380909.61, 5669910.52, 390618.88, 5679005.99)"
Wipperfeld,54242,Wipperfürth,5374052,"(379078.18, 5658846.35, 385194.15, 5663144.02)"
Alsdorf,54251,Alsdorf,5334004,"(297431.91, 5636013.0, 302793.22, 5641755.68)"
Bardenberg,54252,Würselen,5334036,"(294935.15, 5635269.37, 298489.78, 5637803.62)"
Broichweiden,54253,Würselen,5334036,"(298274.87, 5631870.92, 303458.01, 5637373.18)"
Konzen,54276,Monschau,5334020,"(304440.3, 5606315.81, 307741.01, 5610225.39)"
Mützenich,54277,Monschau,5334020,"(299836.07, 5602587.71, 304857.47, 5607031.06)"
Kalterherberg,54278,Monschau,5334020,"(300486.96, 5597271.56, 306433.94, 5603764.75)"
Sötenich,54336,Kall,5366024,"(324559.04, 5597123.94, 328898.11, 5600883.7)"
Schmidtheim,54379,Dahlem,5366012,"(322331.53, 5583741.86, 329996.22, 5590726.25)"
Ostwig,51922,Bestwig,5958008,"(456720.65, 5688798.61, 461933.21, 5694832.47)"
Körbecke,52371,Borgentreich,5762012,"(517689.43, 5706034.88, 522201.38, 5712377.86)"
Soest,51785,Soest,5974040,"(434644.72, 5711037.09, 441871.3, 5717179.75)"
Rösebeck,52403,Borgentreich,5762012,"(514148.94, 5706447.93, 519031.19, 5709280.71)"
Rolfzen,52404,Steinheim,5762032,"(507045.46, 5743253.92, 511319.76, 5747147.95)"
Strickherdicke,51937,Fröndenberg/Ruhr,5978012,"(409491.96, 5703711.43, 411773.64, 5707518.19)"
Batenhorst,52503,Rheda-Wiedenbrück,5754028,"(448038.26, 5737895.47, 457279.74, 5741930.97)"
Bockhorst,52505,Versmold,5754048,"(444147.69, 5764802.74, 449345.85, 5771074.18)"
Tatenhausen,52506,Halle (Westf.),5754012,"(450879.26, 5763004.79, 455951.15, 5767209.68)"
Verl,52549,Verl,5754044,"(461878.45, 5746326.96, 468168.65, 5751299.57)"
Versmold,52550,Versmold,5754048,"(437481.04, 5762715.05, 443299.97, 5766907.07)"
Werther,52551,Werther (Westf.),5754052,"(455556.09, 5766055.28, 463861.34, 5773989.87)"
Westerwiehe,52552,Rietberg,5754032,"(462228.94, 5737941.15, 467931.26, 5742721.67)"
Wiedenbrück,52553,Rheda-Wiedenbrück,5754028,"(450192.91, 5740655.49, 454346.68, 5744900.5)"
Werl,51797,Werl,5974052,"(421213.66, 5707013.42, 428011.66, 5716282.5)"
Ennigloh,52615,Bünde,5758004,"(467569.9, 5782119.98, 471602.46, 5785571.15)"
Exter,52616,Vlotho,5758036,"(481441.35, 5773535.06, 487629.25, 5780065.75)"
Falkendiek,52617,Herford,5758012,"(477339.39, 5776606.11, 480597.06, 5779980.99)"
Gohfeld,52618,Löhne,5758024,"(479020.77, 5777727.12, 485569.49, 5785081.47)"
Arfeld,51799,Bad Berleburg,5970004,"(458595.44, 5649186.32, 462899.28, 5655626.89)"
Elsoff,51802,Bad Berleburg,5970004,"(462097.96, 5650245.68, 467611.72, 5656921.74)"
Richstein,51804,Bad Berleburg,5970004,"(458022.43, 5645509.68, 463574.28, 5650119.77)"
Banfe,51809,Bad Laasphe,5970028,"(449627.68, 5636988.08, 456122.29, 5641452.68)"
Aue,51822,Bad Berleburg,5970004,"(446828.89, 5654005.46, 452266.81, 5656957.41)"
Berghausen,51824,Bad Berleburg,5970004,"(450897.81, 5651301.39, 455684.15, 5657803.83)"
Birkelbach,51826,Erndtebrück,5970012,"(444636.15, 5650652.34, 450318.96, 5655786.65)"
Wingeshausen,51831,Bad Berleburg,5970004,"(445395.03, 5655794.53, 453847.34, 5661686.77)"
Bad Berleburg,51833,Bad Berleburg,5970004,"(453386.84, 5652908.38, 461681.1, 5662620.84)"
Erndtebrück,51836,Erndtebrück,5970012,"(444529.35, 5644690.92, 451433.22, 5650758.98)"
Feudingen,51837,Bad Laasphe,5970028,"(447730.37, 5638784.09, 454798.44, 5644961.07)"
Volkholz,51845,Bad Laasphe,5970028,"(446520.62, 5639459.64, 450265.29, 5643714.07)"
Altlünen,51867,Lünen,5978024,"(392979.15, 5719237.03, 400824.73, 5723508.03)"
Bork,51868,Selm,5978032,"(389966.34, 5722174.9, 399665.22, 5728204.3)"
Selm,51869,Selm,5978032,"(391029.52, 5726293.15, 398576.02, 5732809.45)"
Werne-Stadt,51870,Werne,5978040,"(399060.53, 5720549.66, 408923.73, 5730322.37)"
Werne-Stockum,51871,Werne,5978040,"(407042.75, 5724214.94, 412094.82, 5731689.1)"
Bockum-Hövel,51865,Hamm,5915000,"(410113.6, 5725321.76, 416796.35, 5732776.64)"
Heessen,51866,Hamm,5915000,"(415905.12, 5727258.92, 423294.76, 5733283.94)"
Essentho,51875,Marsberg,5958024,"(485369.95, 5700595.96, 490567.1, 5705313.1)"
Oesdorf,51877,Marsberg,5958024,"(489159.06, 5703820.08, 494068.1, 5708892.9)"
Hiddesen,52090,Detmold,5766020,"(485760.35, 5749424.02, 491045.55, 5753961.58)"
Hillentrup,52091,Dörentrup,5766024,"(497594.79, 5762937.58, 502100.56, 5768905.54)"
Sichtigvor,51910,Warstein,5974044,"(448269.77, 5700270.25, 451713.11, 5706666.68)"
Bredelar,51912,Marsberg,5958024,"(480999.84, 5695326.57, 487551.44, 5700343.22)"
Overhagen,51914,Lippstadt,5974028,"(451159.32, 5721400.95, 453573.02, 5724847.73)"
Billmerich,51939,Unna,5978036,"(406435.74, 5705185.31, 410048.54, 5707888.77)"
Alverdissen,52013,Barntrup,5766012,"(506057.06, 5761303.95, 512152.7, 5766634.89)"
Asemissen,52014,Leopoldshöhe,5766048,"(475480.7, 5757513.7, 478548.76, 5760268.46)"
Asmissen,52016,Extertal,5766028,"(502991.96, 5765180.42, 509476.77, 5770542.79)"
Augustdorf,52017,Augustdorf,5766004,"(478253.0, 5745507.29, 488027.81, 5753902.4)"
Barkhausen,52018,Detmold,5766020,"(494890.35, 5756450.51, 498186.33, 5759035.54)"
Bavenhausen,52020,Kalletal,5766036,"(493197.15, 5768264.72, 498060.12, 5771988.81)"
Bechterdissen,52021,Leopoldshöhe,5766048,"(475852.21, 5759629.73, 478577.77, 5762900.06)"
Bega,52022,Dörentrup,5766024,"(502873.06, 5760805.77, 507405.73, 5764637.98)"
Belle,52023,Horn-Bad Meinberg,5766032,"(500916.0, 5747730.45, 506394.98, 5751097.35)"
Biemsen-Ahmsen,52032,Bad Salzuflen,5766008,"(477169.96, 5768443.87, 480710.34, 5771614.05)"
Billinghausen,52034,Lage,5766040,"(481472.11, 5755188.98, 485627.11, 5758605.39)"
Bösingfeld,52035,Extertal,5766028,"(507106.68, 5766213.15, 511503.15, 5772147.12)"
Brake,52039,Lemgo,5766044,"(493222.02, 5760528.08, 495897.44, 5763956.89)"
Brakelsiek,52040,Schieder-Schwalenberg,5766060,"(508472.34, 5747804.32, 514349.58, 5751495.1)"
Bremke,52042,Extertal,5766028,"(506017.23, 5772576.6, 508418.23, 5776302.64)"
Brüntrup,52046,Blomberg,5766016,"(498317.99, 5752711.72, 501189.6, 5755613.45)"
Dalborn,52049,Blomberg,5766016,"(497089.9, 5757489.15, 499410.54, 5760045.19)"
Dehlentrup,52050,Detmold,5766020,"(491934.55, 5755832.39, 495365.38, 5759665.08)"
Donop,52051,Blomberg,5766016,"(497717.24, 5758092.35, 500923.05, 5762348.69)"
Ehrentrup,52054,Lage,5766040,"(483842.3, 5757738.82, 486546.4, 5761529.9)"
Ehrsen-Breden,52055,Bad Salzuflen,5766008,"(483628.95, 5767134.86, 487187.72, 5771244.9)"
Elbrinxen,52056,Lügde,5766052,"(513505.97, 5748609.7, 519236.04, 5752233.05)"
Göstrup,52066,Extertal,5766028,"(501968.28, 5769289.0, 504986.47, 5773032.15)"
Grastrup-Hölsen,52067,Bad Salzuflen,5766008,"(484224.48, 5763780.94, 488988.97, 5768590.81)"
Greste,52068,Leopoldshöhe,5766048,"(477747.0, 5758479.78, 481432.91, 5762051.2)"
Großenmarpe,52071,Blomberg,5766016,"(500135.47, 5756429.34, 504439.12, 5760181.0)"
Hardissen,52074,Lage,5766040,"(486069.83, 5760190.24, 488927.46, 5764566.57)"
Hörste,52093,Lage,5766040,"(479989.08, 5752286.38, 484858.07, 5756365.53)"
Hörstmar,52094,Lemgo,5766044,"(488585.82, 5760530.33, 491098.03, 5763767.23)"
Hohenhausen,52095,Kalletal,5766036,"(494368.58, 5771457.06, 498638.82, 5776401.01)"
Holzhausen,52097,Bad Salzuflen,5766008,"(481482.71, 5763274.05, 484924.75, 5767647.26)"
Humfeld,52104,Dörentrup,5766024,"(502231.23, 5762145.72, 506433.65, 5766491.05)"
Istrup,52107,Blomberg,5766016,"(501945.25, 5754304.75, 507787.86, 5758570.94)"
Jerxen-Orbke,52108,Detmold,5766020,"(488754.82, 5755388.25, 491981.26, 5757119.91)"
Kalldorf,52110,Kalletal,5766036,"(492923.44, 5775652.99, 496984.02, 5779759.6)"
Krentrup,52117,Leopoldshöhe,5766048,"(479766.02, 5761517.83, 481775.83, 5765594.75)"
Kükenbruch,52118,Extertal,5766028,"(503884.09, 5773462.83, 506843.89, 5776737.43)"
Langenholzhausen,52120,Kalletal,5766036,"(496221.88, 5775326.47, 501195.72, 5779792.76)"
Leistrup-Meiersfeld,52123,Detmold,5766020,"(494031.69, 5750929.52, 497564.28, 5754805.76)"
Leopoldstal,52126,Horn-Bad Meinberg,5766032,"(494986.92, 5742763.4, 498844.18, 5745848.82)"
Lieme,52127,Lemgo,5766044,"(486675.1, 5762536.12, 489726.79, 5766906.19)"
Lipperreihe,52129,Oerlinghausen,5766056,"(472956.48, 5751702.23, 479486.41, 5758018.84)"
Lockhausen,52130,Bad Salzuflen,5766008,"(476228.26, 5765807.69, 479884.33, 5770359.49)"
Lüdenhausen,52134,Kalletal,5766036,"(499214.43, 5768337.26, 502387.49, 5772535.55)"
Meierberg,52141,Extertal,5766028,"(506754.54, 5770882.6, 509312.83, 5774096.41)"
Bad Meinberg,52142,Horn-Bad Meinberg,5766032,"(496341.18, 5747603.05, 501224.6, 5751826.79)"
Müssen,52146,Lage,5766040,"(483474.9, 5756000.37, 487838.37, 5758676.13)"
Nalhof,52147,Extertal,5766028,"(502683.39, 5768222.24, 508169.83, 5772689.69)"
Nienhagen,52150,Detmold,5766020,"(486534.83, 5755586.87, 489695.14, 5757911.52)"
Ohrsen,52160,Lage,5766040,"(480702.23, 5758726.25, 484087.19, 5761225.64)"
Pivitsheide v.H.,52163,Detmold,5766020,"(485299.73, 5751615.55, 487489.03, 5756994.77)"
Pivitsheide v.L.,52164,Detmold,5766020,"(483709.68, 5752485.54, 486947.79, 5756435.56)"
Pottenhausen,52165,Lage,5766040,"(480454.36, 5760714.04, 484127.91, 5764330.28)"
Remmighausen,52167,Detmold,5766020,"(492639.44, 5750407.89, 496494.8, 5752972.45)"
Retzen,52168,Bad Salzuflen,5766008,"(485504.75, 5765226.56, 488770.46, 5770177.85)"
Rott,52170,Extertal,5766028,"(507282.77, 5772842.35, 510908.34, 5776593.73)"
Schönemark,52179,Detmold,5766020,"(494168.14, 5749296.03, 497293.23, 5752030.67)"
Schönhagen,52180,Extertal,5766028,"(507714.87, 5765771.72, 513299.85, 5771903.67)"
Schuckenbaum,52183,Leopoldshöhe,5766048,"(475437.22, 5761727.73, 480345.84, 5764927.69)"
Schwelentrup,52185,Dörentrup,5766024,"(500296.34, 5763872.63, 503983.76, 5769504.51)"
Silixen,52193,Extertal,5766028,"(501333.4, 5773532.82, 505489.11, 5777690.65)"
Stemmen,52197,Kalletal,5766036,"(498795.52, 5778332.94, 501512.94, 5782687.89)"
Voßheide,52209,Lemgo,5766044,"(495253.5, 5760269.62, 499806.02, 5764162.34)"
Helpup,52211,Oerlinghausen,5766056,"(477337.75, 5752874.0, 481532.14, 5759174.38)"
Wendlinghausen,52217,Dörentrup,5766024,"(498515.37, 5761005.53, 503923.38, 5764575.31)"
Werl-Aspe,52218,Bad Salzuflen,5766008,"(479601.44, 5766977.88, 482712.26, 5770534.47)"
Wiembeck,52220,Lemgo,5766044,"(495252.98, 5758354.57, 498111.07, 5761343.16)"
Wissentrup,52222,Lage,5766040,"(482750.9, 5757930.45, 484633.85, 5760548.25)"
Lügde,52229,Lügde,5766052,"(512785.08, 5751030.57, 519685.58, 5758592.52)"
Albaxen,52301,Höxter,5762020,"(524563.27, 5738166.13, 529635.9, 5743694.86)"
Alhausen,52302,Bad Driburg,5762004,"(502263.3, 5731060.35, 508104.58, 5734303.32)"
Amelunxen,52305,Beverungen,5762008,"(520301.07, 5725924.52, 525369.04, 5731890.33)"
Bad Driburg,52307,Bad Driburg,5762004,"(498556.03, 5727458.88, 505669.12, 5734034.57)"
Bödexen,52313,Höxter,5762020,"(520803.23, 5740861.05, 529351.81, 5746073.05)"
Bökendorf,52314,Brakel,5762016,"(512206.33, 5732358.03, 518021.06, 5738584.96)"
Bonenburg,52315,Warburg,5762036,"(499524.51, 5710702.05, 505150.55, 5714136.38)"
Borgentreich,52316,Borgentreich,5762012,"(513389.99, 5708847.38, 519681.27, 5716062.57)"
Borgholz,52317,Borgentreich,5762012,"(515853.38, 5715807.91, 520568.11, 5721439.2)"
Bosseborn,52320,Höxter,5762020,"(519160.74, 5731166.31, 523728.67, 5736314.86)"
Brakel,52321,Brakel,5762016,"(507177.02, 5726028.59, 519795.64, 5735239.87)"
Bredenborn,52322,Marienmünster,5762024,"(510785.54, 5736560.38, 516171.98, 5742229.95)"
Brenkhausen,52324,Höxter,5762020,"(519682.63, 5737622.66, 526541.27, 5740832.73)"
Daseburg,52330,Warburg,5762036,"(512753.24, 5703272.25, 518811.4, 5708421.6)"
Dringenberg,52334,Bad Driburg,5762004,"(501149.02, 5721428.41, 507573.78, 5729356.91)"
Entrup,52339,Nieheim,5762028,"(508726.08, 5739780.33, 511795.11, 5744021.19)"
Fürstenau,52346,Höxter,5762020,"(519531.48, 5739731.76, 525045.35, 5743808.13)"
Gehrden,52347,Brakel,5762016,"(505674.3, 5720311.27, 511763.61, 5726065.07)"
Godelheim,52349,Höxter,5762020,"(521372.45, 5730027.04, 526439.31, 5733878.08)"
Grevenhagen,52350,Steinheim,5762032,"(496700.52, 5737026.99, 500657.59, 5740268.89)"
Himmighausen,52361,Nieheim,5762028,"(499443.72, 5738447.66, 503192.7, 5741577.27)"
Hinnenburg,52362,Brakel,5762016,"(506020.87, 5730817.43, 515381.32, 5735121.41)"
Höxter,52363,Höxter,5762020,"(523156.51, 5732152.24, 529223.5, 5739689.04)"
Istrup,52368,Brakel,5762016,"(505863.77, 5726741.46, 510069.92, 5732145.71)"
Löwen,52375,Willebadessen,5762040,"(505174.5, 5711325.4, 509321.47, 5715950.7)"
Merlsheim,52382,Nieheim,5762028,"(500349.79, 5735863.23, 503323.57, 5739432.44)"
Natzungen,52386,Borgentreich,5762012,"(513236.82, 5715572.92, 517647.35, 5721373.04)"
Neuenheerse,52387,Bad Driburg,5762004,"(498130.05, 5721893.63, 502317.82, 5728687.6)"
Nieheim,52388,Nieheim,5762028,"(504319.88, 5735638.43, 510965.8, 5743020.58)"
Oeynhausen,52391,Nieheim,5762028,"(502683.52, 5737958.38, 505330.16, 5742148.85)"
Ovenhausen,52395,Höxter,5762020,"(517291.39, 5733300.98, 522518.22, 5739799.52)"
Peckelsheim,52397,Willebadessen,5762040,"(503784.77, 5712299.65, 512676.05, 5717872.32)"
Pömbsen,52398,Bad Driburg,5762004,"(502474.66, 5732482.06, 506695.59, 5738498.16)"
Sandebeck,52406,Steinheim,5762032,"(496546.15, 5738970.81, 500580.48, 5744424.45)"
Scherfede,52407,Warburg,5762036,"(493351.11, 5706094.99, 502837.46, 5713175.37)"
Schweckhausen,52410,Willebadessen,5762040,"(509797.01, 5714958.86, 514065.97, 5719979.32)"
Siddessen,52411,Brakel,5762016,"(507887.64, 5722117.35, 512405.19, 5726461.64)"
Steinheim,52414,Steinheim,5762032,"(503841.16, 5743636.17, 509738.25, 5751194.2)"
Vinsebeck,52416,Steinheim,5762032,"(499688.73, 5742142.12, 504218.38, 5745442.87)"
Warburg,52418,Warburg,5762036,"(506760.66, 5701482.39, 513720.75, 5708458.43)"
Willebadessen,52421,Willebadessen,5762040,"(498468.7, 5716194.85, 506361.97, 5722624.45)"
Avenwedde,52501,Gütersloh,5754008,"(459638.97, 5750029.63, 466021.76, 5754910.09)"
Borgholzhausen,52508,Borgholzhausen,5754004,"(445284.08, 5766287.69, 456810.87, 5776277.56)"
Greffen,52515,Harsewinkel,5754016,"(438550.07, 5756425.18, 444169.55, 5762962.19)"
Gütersloh,52516,Gütersloh,5754008,"(450863.93, 5745719.78, 461027.17, 5754996.5)"
Halle,52517,Halle (Westf.),5754012,"(453505.69, 5765177.16, 460129.51, 5771842.79)"
Harsewinkel,52518,Harsewinkel,5754016,"(439456.34, 5753169.56, 452579.62, 5762547.47)"
Herzebrock,52519,Herzebrock-Clarholz,5754020,"(444899.93, 5743768.25, 453018.85, 5754422.3)"
Hesseln,52520,Halle (Westf.),5754012,"(452012.49, 5767465.52, 455363.64, 5770821.08)"
Bardüttingdorf,52602,Spenge,5758032,"(459182.39, 5772813.79, 462922.16, 5776532.36)"
Bieren,52605,Rödinghausen,5758028,"(465968.31, 5785368.57, 470166.88, 5790460.63)"
Bünde,52606,Bünde,5758004,"(470025.77, 5781019.59, 472931.37, 5783747.97)"
Dünne,52610,Bünde,5758004,"(469697.89, 5784832.99, 473753.72, 5789910.76)"
Herford,52620,Herford,5758012,"(475092.01, 5770688.13, 481281.75, 5777196.72)"
Hücker-Aschen,52625,Spenge,5758032,"(464719.62, 5778706.38, 468429.5, 5782100.08)"
Kirchlengern,52628,Kirchlengern,5758020,"(473891.75, 5780349.4, 477958.85, 5785168.16)"
Klosterbauerschaft,52629,Kirchlengern,5758020,"(471797.99, 5785878.76, 475661.42, 5790124.96)"
Lenzinghausen,52631,Spenge,5758032,"(462886.77, 5772379.22, 466782.72, 5776357.09)"
Löhne,52633,Löhne,5758024,"(477030.24, 5779584.1, 480524.01, 5783097.97)"
Mennighüffen,52634,Löhne,5758024,"(478527.28, 5784090.01, 483379.26, 5789098.62)"
Muckum,52635,Bünde,5758004,"(467196.57, 5784655.66, 470783.59, 5788098.21)"
Obernbeck,52636,Löhne,5758024,"(477016.75, 5782833.64, 480598.51, 5785377.94)"
Ostkilver,52639,Rödinghausen,5758028,"(463270.89, 5782787.22, 466565.38, 5787910.9)"
Schwarzenmoor,52644,Herford,5758012,"(479428.74, 5771121.93, 483207.68, 5779187.99)"
Spenge,52648,Spenge,5758032,"(461513.8, 5773099.47, 466122.76, 5779402.92)"
Spradow,52649,Bünde,5758004,"(471177.45, 5783029.16, 475115.81, 5786622.34)"
Ulenburg,52656,Löhne,5758024,"(477293.23, 5783312.2, 482437.31, 5787145.55)"
Valdorf,52657,Vlotho,5758036,"(485726.63, 5772335.9, 493805.45, 5780934.36)"
Vlotho,52658,Vlotho,5758036,"(488960.31, 5778222.08, 492591.9, 5782057.37)"
Westerenger,52661,Enger,5758008,"(465789.17, 5773091.31, 468615.21, 5777667.39)"
Westkilver,52662,Rödinghausen,5758028,"(461885.47, 5782899.46, 464498.59, 5788313.73)"
Fiestel-Gestringen,52702,Espelkamp,5770008,"(467496.83, 5798535.82, 474370.38, 5802002.95)"
Bad Oeynhausen,52706,Bad Oeynhausen,5770004,"(484771.89, 5781239.51, 488492.55, 5784780.77)"
Bierde,52708,Petershagen,5770028,"(501031.79, 5799860.59, 505828.7, 5803502.57)"
Blasheim,52709,Lübbecke,5770020,"(468154.7, 5790690.23, 473067.64, 5798980.79)"
Dankersen,52716,Minden,5770024,"(496382.96, 5792054.14, 499378.73, 5795526.66)"
Dehme,52717,Bad Oeynhausen,5770004,"(487564.96, 5785308.58, 491265.99, 5789356.61)"
Dützen,52722,Minden,5770024,"(487959.05, 5788959.82, 492384.57, 5792284.71)"
Eidinghausen,52724,Bad Oeynhausen,5770004,"(485487.09, 5784337.86, 489094.79, 5789829.5)"
Eisbergen,52726,Porta Westfalica,5770032,"(498999.43, 5781391.19, 503335.96, 5786763.91)"
Espelkamp,52729,Espelkamp,5770008,"(471051.85, 5801899.86, 476059.36, 5807350.39)"
Friedewalde,52731,Petershagen,5770028,"(484671.37, 5798920.39, 491437.29, 5805404.08)"
Frille,52732,Petershagen,5770028,"(497741.03, 5797186.12, 501918.62, 5801465.42)"
Frotheim,52733,Espelkamp,5770008,"(474370.38, 5798078.1, 481225.97, 5803894.96)"
Gehlenbeck,52734,Lübbecke,5770020,"(475152.04, 5793693.41, 479609.31, 5798396.39)"
Hille,52748,Hille,5770012,"(479152.29, 5795372.95, 486159.85, 5805658.77)"
Holsen,52749,Hüllhorst,5770016,"(477596.82, 5790679.24, 480191.81, 5794191.86)"
Holzhausen,52751,Preußisch Oldendorf,5770036,"(466486.15, 5790062.02, 470611.38, 5796321.99)"
Holzhausen I,52752,Porta Westfalica,5770032,"(491034.66, 5782745.25, 495957.05, 5787994.31)"
Holzhausen II,52753,Hille,5770012,"(485612.33, 5796763.58, 490880.92, 5803525.05)"
Hüllhorst,52755,Hüllhorst,5770016,"(475806.02, 5788838.17, 478569.29, 5792617.73)"
Kleinenbremen,52761,Porta Westfalica,5770032,"(501209.62, 5785534.4, 505242.23, 5788882.28)"
Kleinendorf,52762,Rahden,5770040,"(471804.29, 5808399.05, 475609.76, 5814574.1)"
Minden,52775,Minden,5770024,"(487464.16, 5790493.32, 497371.29, 5797041.44)"
Nammen,52777,Porta Westfalica,5770032,"(496881.85, 5786926.19, 501035.02, 5790565.67)"
Neuenknick,52780,Petershagen,5770028,"(503001.89, 5805654.96, 508532.28, 5809017.84)"
Oberbauerschaft,52783,Hüllhorst,5770016,"(469555.36, 5789303.95, 475920.77, 5793183.53)"
Oberlübbe,52784,Hille,5770012,"(480267.54, 5790992.63, 484783.08, 5794396.32)"
Petershagen,52790,Petershagen,5770028,"(493453.09, 5799328.47, 499091.51, 5805942.32)"
Preußisch Ströhen,52792,Rahden,5770040,"(470015.37, 5813859.79, 479772.69, 5820211.91)"
Raderhorst,52794,Petershagen,5770028,"(504939.93, 5800787.96, 506854.26, 5805098.47)"
Rehme,52796,Bad Oeynhausen,5770004,"(486643.52, 5780485.02, 490674.88, 5785664.36)"
Stemmer,52804,Minden,5770024,"(490056.88, 5795885.95, 493365.23, 5801629.61)"
Todtenhausen,52809,Minden,5770024,"(492496.21, 5796221.88, 496504.94, 5801549.0)"
Volmerdingsen,52818,Bad Oeynhausen,5770004,"(482980.45, 5786467.57, 487304.08, 5791266.38)"
Wehdem,52820,Stemwede,5770044,"(459955.66, 5807356.39, 466364.67, 5811922.34)"
Wulferdingsen,52827,Bad Oeynhausen,5770004,"(480929.24, 5786965.08, 484578.39, 5791821.63)"
Bielefeld,52853,Bielefeld,5711000,"(464448.55, 5759087.85, 473341.0, 5768106.36)"
Brackwede,52854,Bielefeld,5711000,"(463463.63, 5756767.18, 468024.74, 5762435.49)"
Brake,52855,Bielefeld,5711000,"(470292.4, 5767149.46, 474073.43, 5771038.93)"
Brönninghausen,52856,Bielefeld,5711000,"(474037.22, 5761589.63, 476769.94, 5766134.28)"
Lämershagen-Gräfinghagen,52866,Bielefeld,5711000,"(470595.94, 5755542.03, 476135.08, 5759913.49)"
Niederdornberg-Deppendorf,52868,Bielefeld,5711000,"(462007.82, 5766956.19, 466064.75, 5770238.88)"
Oldentrup,52869,Bielefeld,5711000,"(470981.09, 5760935.53, 474710.63, 5763842.51)"
Altenbeken,52903,Altenbeken,5774004,"(491972.19, 5731520.67, 500011.48, 5739129.69)"
Atteln,52906,Lichtenau,5774028,"(484905.95, 5711773.41, 488745.12, 5720069.56)"
Bad Lippspringe,52907,Bad Lippspringe,5774008,"(480885.85, 5733392.18, 495096.43, 5742520.96)"
Bleiwäsche,52912,Bad Wünnenberg,5774040,"(478283.45, 5700929.28, 482809.13, 5704995.51)"
Boke,52913,Delbrück,5774020,"(464884.37, 5728235.13, 471536.95, 5732625.43)"
Brenken,52914,Büren,5774016,"(466673.89, 5712145.51, 474758.85, 5718843.46)"
Büren,52915,Büren,5774016,"(466616.38, 5707717.92, 475533.04, 5714355.71)"
Buke,52916,Altenbeken,5774004,"(492959.52, 5729475.91, 499368.96, 5734181.02)"
Elsen,52924,Paderborn,5774032,"(475211.43, 5727090.62, 480527.79, 5733182.17)"
Etteln,52925,Borchen,5774012,"(480853.42, 5717333.74, 488563.78, 5722769.4)"
Fürstenberg,52926,Bad Wünnenberg,5774040,"(479873.33, 5699598.39, 488756.7, 5711633.51)"
Haaren,52928,Bad Wünnenberg,5774040,"(475303.57, 5710053.17, 482980.52, 5718302.92)"
Hagen,52929,Delbrück,5774020,"(462538.24, 5730271.42, 468758.34, 5736880.42)"
Harth,52931,Büren,5774016,"(466867.39, 5701762.28, 474636.86, 5706622.06)"
Hegensdorf,52932,Büren,5774016,"(471076.58, 5704774.82, 476225.37, 5711544.2)"
Hövelhof,52936,Hövelhof,5774024,"(470424.16, 5738021.57, 483854.9, 5747557.36)"
Holtheim,52937,Lichtenau,5774028,"(491235.54, 5711129.2, 497147.54, 5716123.48)"
Husen,52938,Lichtenau,5774028,"(486939.96, 5713139.52, 492530.32, 5717831.23)"
Kirchborchen,52940,Borchen,5774012,"(479555.52, 5719588.21, 487883.41, 5725909.22)"
Kleinenberg,52941,Lichtenau,5774028,"(494278.9, 5712182.91, 501199.17, 5717904.91)"
Leiberg,52942,Bad Wünnenberg,5774040,"(473970.92, 5703096.58, 477801.22, 5710650.45)"
Lichtenau,52943,Lichtenau,5774028,"(489030.36, 5715823.63, 499114.65, 5721242.93)"
Marienloh,52945,Paderborn,5774032,"(483793.02, 5732749.59, 488681.32, 5735833.34)"
Niederntudorf,52947,Salzkotten,5774036,"(475382.81, 5717128.21, 481004.51, 5722457.86)"
Nordborchen,52948,Borchen,5774012,"(479344.36, 5723296.13, 485078.35, 5725869.7)"
Schloß Neuhaus,52955,Paderborn,5774032,"(478964.79, 5730190.25, 484482.39, 5738929.95)"
Schwaney,52956,Altenbeken,5774004,"(491327.42, 5725054.72, 499994.28, 5731469.36)"
Verne,52963,Salzkotten,5774036,"(466328.71, 5721772.74, 472665.95, 5727352.57)"
Westenholz,52966,Delbrück,5774020,"(458746.22, 5729698.45, 466876.26, 5737165.8)"
Westerloh,52967,Delbrück,5774020,"(462732.14, 5736173.06, 471959.11, 5743740.82)"
Wewelsburg,52968,Büren,5774016,"(473815.76, 5711691.55, 480175.02, 5720113.95)"
Wewer,52969,Paderborn,5774032,"(475704.89, 5722639.06, 481736.19, 5728534.33)"
Wünnenberg,52970,Bad Wünnenberg,5774040,"(476080.15, 5702369.4, 482432.37, 5710531.78)"
Barmen,53001,Wuppertal,5124000,"(371438.86, 5677797.25, 376925.7, 5684659.63)"
Appeldorn,53002,Kalkar,5154024,"(314197.22, 5729594.04, 319790.35, 5735014.86)"
Hönnepel,53004,Kalkar,5154024,"(314252.71, 5734584.94, 317622.86, 5738562.27)"
Niedermörmter,53005,Kalkar,5154024,"(316354.93, 5733866.27, 321277.61, 5737046.61)"
Asperden,53006,Goch,5154016,"(297825.73, 5726068.7, 303165.21, 5733767.39)"
Kleve,53013,Kleve,5154036,"(300518.0, 5738918.82, 304479.87, 5743121.77)"
Kranenburg,53014,Kranenburg,5154040,"(289599.56, 5734476.74, 296591.16, 5744321.03)"
Bylerward,53016,Kalkar,5154024,"(309779.33, 5740163.51, 314909.44, 5743304.37)"
Emmericher-Eyland,53017,Kalkar,5154024,"(309424.6, 5741571.36, 313401.12, 5745495.55)"
Wisselward,53021,Kalkar,5154024,"(313161.82, 5736956.55, 315764.82, 5740509.98)"
Kellen,53024,Kleve,5154036,"(302706.48, 5739468.11, 306977.63, 5745096.2)"
Salmorth,53025,Kleve,5154036,"(299634.75, 5744949.99, 306568.68, 5748456.89)"
Oppum,53046,Krefeld,5114000,"(331996.94, 5686750.14, 336191.95, 5689871.04)"
Traar,53047,Krefeld,5114000,"(327799.86, 5692861.07, 335555.28, 5697800.51)"
Verberg,53048,Krefeld,5114000,"(330344.74, 5691847.54, 334795.86, 5693953.58)"
Krefeld,53049,Krefeld,5114000,"(327364.91, 5686688.46, 332609.3, 5693384.72)"
Fischeln,53050,Krefeld,5114000,"(326779.61, 5684362.48, 334226.96, 5688461.81)"
Dinslaken,53063,Dinslaken,5170008,"(339632.93, 5711409.33, 345358.42, 5717816.52)"
Hiesfeld,53064,Dinslaken,5170008,"(343666.26, 5711409.07, 352194.94, 5719647.31)"
Walsum,53065,Duisburg,5112000,"(338861.11, 5709018.34, 346360.71, 5714646.27)"
Duisburg,53066,Duisburg,5112000,"(340998.75, 5695578.02, 348367.51, 5702653.75)"
Altstadt,53110,Düsseldorf,5111000,"(343838.79, 5676137.41, 345087.65, 5678382.9)"
Eggerscheidt,53112,Ratingen,5158028,"(350982.66, 5685891.33, 354041.55, 5688198.03)"
Homberg,53113,Ratingen,5158028,"(352016.2, 5682943.05, 356030.94, 5687270.92)"
Hösel,53114,Ratingen,5158028,"(352528.9, 5686533.53, 356636.74, 5690664.71)"
Rath,53115,Düsseldorf,5111000,"(343692.28, 5679156.76, 352279.72, 5684629.12)"
Bredeney,53152,Essen,5113000,"(358998.91, 5694929.41, 363538.93, 5698774.63)"
Steele,53154,Essen,5113000,"(365025.49, 5700424.54, 367590.26, 5702442.94)"
Hinsel,53155,Essen,5113000,"(364891.62, 5698134.36, 367160.11, 5700849.76)"
Rellinghausen,53156,Essen,5113000,"(363675.65, 5698072.83, 365692.1, 5699506.17)"
Werden,53157,Essen,5113000,"(357890.9, 5693307.01, 361956.81, 5696614.69)"
Kupferdreh,53158,Essen,5113000,"(363834.98, 5691893.71, 369126.83, 5696410.17)"
Byfang,53159,Essen,5113000,"(366559.25, 5694084.44, 369154.56, 5697279.07)"
Aldekerk,53160,Kerken,5154028,"(317277.21, 5698694.31, 323013.98, 5703782.71)"
Pfalzdorf,53038,Goch,5154016,"(301918.7, 5728622.1, 308512.37, 5736848.49)"
Schneppenbaum,53040,Bedburg-Hau,5154004,"(304479.87, 5732668.4, 308426.77, 5741462.53)"
Uedem,53042,Uedem,5154056,"(309600.29, 5726454.39, 312694.38, 5729319.23)"
Uedemerfeld,53043,Uedem,5154056,"(308528.72, 5724612.55, 314991.6, 5730101.41)"
Latum,53055,Meerbusch,5162022,"(336301.65, 5685326.4, 339451.81, 5688297.66)"
Nierst,53056,Meerbusch,5162022,"(338971.15, 5685921.19, 342135.37, 5689771.26)"
Linn,53059,Krefeld,5114000,"(334450.24, 5688157.94, 338682.98, 5691232.07)"
Gahlen,53070,Schermbeck,5170036,"(350779.79, 5722154.81, 354911.41, 5727287.15)"
Mehrum,53075,Voerde (Niederrhein),5170044,"(333560.1, 5715554.35, 337479.86, 5718138.32)"
Möllen,53076,Voerde (Niederrhein),5170044,"(338693.75, 5714962.29, 342189.48, 5718924.0)"
Spellen,53077,Voerde (Niederrhein),5170044,"(332953.62, 5716740.3, 339960.74, 5723349.13)"
Voerde,53078,Voerde (Niederrhein),5170044,"(337338.12, 5717096.58, 341745.93, 5721451.06)"
Holten,53079,Oberhausen,5119000,"(345806.15, 5708399.78, 349333.32, 5711611.28)"
Sterkrade-Nord,53080,Oberhausen,5119000,"(346248.98, 5710218.2, 352265.98, 5716552.43)"
Beeck,53081,Duisburg,5112000,"(338939.34, 5703077.95, 345176.21, 5707466.42)"
Hamborn,53082,Duisburg,5112000,"(341338.0, 5705946.96, 348979.89, 5710612.53)"
Sterkrade,53083,Oberhausen,5119000,"(348349.38, 5708196.38, 352945.99, 5714712.71)"
Mülheim,53084,Mülheim an der Ruhr,5117000,"(351541.67, 5697983.88, 355104.83, 5702357.38)"
Dümpten,53086,Mülheim an der Ruhr,5117000,"(351931.23, 5701645.2, 355316.69, 5704345.67)"
Buschhausen,53087,Oberhausen,5119000,"(348698.77, 5706004.56, 351858.9, 5708587.39)"
Haarzopf,53088,Essen,5113000,"(356617.04, 5695776.88, 359185.92, 5699325.69)"
Heißen,53089,Mülheim an der Ruhr,5117000,"(354739.09, 5699237.27, 357941.22, 5701335.78)"
Holthausen,53090,Mülheim an der Ruhr,5117000,"(352226.1, 5697391.85, 356327.85, 5699998.99)"
Menden,53092,Mülheim an der Ruhr,5117000,"(353442.7, 5695183.86, 356617.02, 5698784.58)"
Saarn,53094,Mülheim an der Ruhr,5117000,"(347827.23, 5692692.22, 354883.55, 5698332.36)"
Speldorf,53095,Mülheim an der Ruhr,5117000,"(347586.36, 5698175.91, 351821.27, 5702918.46)"
Broich,53096,Mülheim an der Ruhr,5117000,"(347822.57, 5694216.23, 352330.47, 5700657.43)"
Oberhausen,53098,Oberhausen,5119000,"(347810.9, 5703638.45, 353556.38, 5707714.66)"
Ruhrort,53099,Duisburg,5112000,"(341710.92, 5701456.78, 345745.76, 5703512.9)"
Meiderich,53100,Duisburg,5112000,"(342813.34, 5701980.6, 348736.71, 5706342.49)"
Angermund,53101,Düsseldorf,5111000,"(343529.47, 5687661.59, 347439.09, 5691304.73)"
Huckingen,53102,Duisburg,5112000,"(340224.94, 5690255.77, 348913.19, 5696760.36)"
Lintorf,53103,Ratingen,5158028,"(346908.35, 5686306.78, 352918.72, 5691375.37)"
Mündelheim,53104,Duisburg,5112000,"(336671.46, 5689379.15, 342728.54, 5693823.29)"
Benrath,53105,Düsseldorf,5111000,"(348817.91, 5668998.59, 353194.67, 5673095.96)"
Unterbach,53118,Düsseldorf,5111000,"(350895.94, 5671229.24, 354750.08, 5676248.08)"
Eller,53119,Düsseldorf,5111000,"(347057.74, 5672587.76, 352147.59, 5677184.72)"
Kalkum,53128,Düsseldorf,5111000,"(342691.61, 5683843.95, 347918.66, 5688420.13)"
Lohausen,53129,Düsseldorf,5111000,"(339739.73, 5681394.46, 345765.23, 5685734.85)"
Wittlaer,53130,Düsseldorf,5111000,"(341895.72, 5687471.66, 344599.36, 5691431.24)"
Breitscheid,53131,Ratingen,5158028,"(348986.12, 5689317.92, 355795.16, 5693283.46)"
Einbrungen,53132,Düsseldorf,5111000,"(342514.45, 5686453.93, 344514.27, 5688543.97)"
Stockum,53133,Düsseldorf,5111000,"(340407.12, 5680288.46, 343919.03, 5682207.11)"
Ratingen,53134,Ratingen,5158028,"(346722.1, 5682497.86, 352723.76, 5687776.94)"
Elberfeld,53135,Wuppertal,5124000,"(365682.27, 5675416.7, 373146.99, 5684321.8)"
Kapellen,53162,Geldern,5154012,"(313677.71, 5710901.86, 321214.24, 5717244.87)"
Kervendonk,53167,Kevelaer,5154032,"(309016.76, 5720231.65, 313954.2, 5726062.09)"
Winnekendonk,53168,Kevelaer,5154032,"(309134.99, 5716528.52, 318323.11, 5722144.37)"
Kevelaer,53169,Kevelaer,5154032,"(305256.23, 5714647.8, 312011.38, 5720444.5)"
Wetten,53172,Kevelaer,5154032,"(308560.59, 5713154.43, 317035.45, 5719649.78)"
Eyll,53175,Kerken,5154028,"(315548.62, 5699579.71, 320977.37, 5704894.86)"
Sevelen,53178,Issum,5154020,"(318870.41, 5704859.65, 324695.29, 5711575.5)"
Straelen,53180,Straelen,5154052,"(305599.79, 5695974.72, 314080.11, 5707728.58)"
Wankum,53184,Wachtendonk,5154060,"(309639.79, 5692994.22, 316136.71, 5701279.48)"
Weeze,53186,Weeze,5154064,"(298593.05, 5716000.95, 310102.7, 5728981.38)"
Rheindahlen,53190,Mönchengladbach,5116000,"(310651.31, 5667198.17, 318776.02, 5673691.75)"
Mönchengladbach,53191,Mönchengladbach,5116000,"(319543.15, 5672506.88, 324862.06, 5676727.81)"
Mönchengladbach-Land,53192,Mönchengladbach,5116000,"(316133.3, 5671836.96, 321070.94, 5677473.06)"
Kleinenbroich,53194,Korschenbroich,5162020,"(326651.25, 5671995.96, 331833.37, 5678420.37)"
Neuwerk,53197,Mönchengladbach,5116000,"(319661.7, 5675026.53, 326990.32, 5680461.94)"
Odenkirchen,53198,Mönchengladbach,5116000,"(318644.08, 5663881.1, 323503.89, 5671602.82)"
Schelsen,53201,Mönchengladbach,5116000,"(325179.51, 5668284.46, 327694.3, 5673183.52)"
Elmpt,53378,Niederkrüchten,5166020,"(295257.88, 5672710.61, 303749.97, 5680027.64)"
Niederkrüchten,53379,Niederkrüchten,5166020,"(301930.92, 5672075.02, 307902.43, 5680227.82)"
Bergerhausen,53450,Essen,5113000,"(362482.11, 5699275.92, 365728.47, 5701082.83)"
Heide,53451,Essen,5113000,"(361281.73, 5697216.27, 364527.95, 5699610.92)"
Grevenbroich,53216,Grevenbroich,5162008,"(330288.0, 5661265.02, 332928.01, 5663542.01)"
Beyenburg,53485,Wuppertal,5124000,"(376925.91, 5674043.32, 382254.27, 5680121.1)"
Langerfeld,53486,Wuppertal,5124000,"(376378.73, 5679380.13, 379863.49, 5683832.19)"
Nächstebreck,53487,Wuppertal,5124000,"(374590.05, 5683276.7, 379153.24, 5686630.4)"
Adscheid,54001,Hennef (Sieg),5382020,"(383071.73, 5621571.47, 385313.29, 5624756.53)"
Aegidienberg,54002,Bad Honnef,5382008,"(378576.77, 5610324.52, 384394.6, 5616430.89)"
Markelsbach,54047,Much,5382036,"(380694.67, 5637640.13, 386986.38, 5642059.39)"
Sieglar,54071,Troisdorf,5382068,"(364962.91, 5626418.78, 373327.87, 5635949.34)"
Wevelinghoven,53228,Grevenbroich,5162008,"(331257.91, 5661967.76, 335945.28, 5666853.72)"
Wickrath,53229,Mönchengladbach,5116000,"(314467.84, 5663764.15, 320232.27, 5669895.46)"
Amern,53230,Schwalmtal,5166024,"(305225.22, 5675711.9, 311320.02, 5683259.12)"
Grossehöhe,53231,Velbert,5158032,"(363557.49, 5684442.53, 366114.96, 5688086.86)"
Bracht,53234,Brüggen,5166004,"(295681.42, 5680281.62, 307121.54, 5687862.26)"
Breyell,53235,Nettetal,5166016,"(305481.45, 5681550.06, 309855.54, 5689222.52)"
Brüggen,53236,Brüggen,5166004,"(295912.8, 5679115.83, 307504.21, 5683293.24)"
Kleinumstand,53237,Velbert,5158032,"(360989.3, 5690516.27, 365419.96, 5692605.62)"
Dingden,53238,Hamminkeln,5170012,"(331858.35, 5734222.16, 343238.13, 5741785.77)"
Waldniel,53239,Schwalmtal,5166024,"(306465.26, 5672824.77, 313573.23, 5679385.28)"
Dülken,53240,Viersen,5166032,"(310383.98, 5677291.02, 315933.09, 5685053.33)"
Grefrath,53242,Grefrath,5166008,"(312300.55, 5687778.8, 316889.81, 5695089.12)"
Benrad,53243,Krefeld,5114000,"(324950.7, 5684742.98, 329099.08, 5692451.08)"
Kempen,53246,Kempen,5166012,"(318650.3, 5690647.81, 325408.96, 5695368.62)"
Schmalbroich,53247,Kempen,5166012,"(316170.46, 5689828.63, 320022.98, 5699008.38)"
Lobberich,53249,Nettetal,5166016,"(307708.37, 5684045.35, 313542.65, 5690366.19)"
St.Hubert,53251,Kempen,5166012,"(319579.68, 5693253.85, 325542.27, 5698853.86)"
Windrath,53252,Velbert,5158032,"(368326.19, 5685487.79, 372108.52, 5688131.13)"
Striefen,54076,Hennef (Sieg),5382020,"(379758.08, 5623151.44, 383950.4, 5627019.45)"
Troisdorf,54077,Troisdorf,5382068,"(369170.94, 5628811.36, 372836.34, 5632458.36)"
Vierbaum,53293,Rheinberg,5170032,"(334690.53, 5708490.5, 338460.95, 5711552.0)"
Büderich,53294,Wesel,5170048,"(326962.93, 5721181.52, 334285.51, 5726355.09)"
Kamp,53295,Kamp-Lintfort,5170020,"(324525.17, 5705782.25, 328339.7, 5712694.86)"
Kapellen,53296,Moers,5170024,"(330195.08, 5695936.55, 335864.9, 5701344.32)"
Bleiberg,53298,Velbert,5158032,"(366020.77, 5687949.26, 368125.48, 5690189.46)"
Niederbonsfeld,53299,Velbert,5158032,"(369441.25, 5691763.2, 371456.77, 5693912.42)"
Oberbonsfeld,53300,Velbert,5158032,"(369223.1, 5689564.55, 371879.93, 5692873.95)"
Unterdüssel,53301,Wülfrath,5158036,"(363187.71, 5679968.44, 365369.34, 5684065.83)"
Velken,54080,Ruppichteroth,5382052,"(387776.89, 5629960.26, 396511.87, 5634665.91)"
Homberg,53306,Duisburg,5112000,"(337941.25, 5700510.83, 341854.69, 5704721.27)"
Wolperath,54088,Neunkirchen-Seelscheid,5382040,"(380058.95, 5629854.2, 384221.21, 5634764.06)"
Rumeln,53303,Duisburg,5112000,"(334876.48, 5695827.72, 339340.65, 5699162.91)"
Labbeck,53308,Sonsbeck,5170040,"(312610.08, 5719611.84, 323052.05, 5727966.83)"
Obermörmter,53310,Xanten,5170052,"(319559.97, 5732811.07, 322022.6, 5737003.57)"
Vynen,53311,Xanten,5170052,"(318843.53, 5729873.29, 323023.74, 5733609.8)"
Moers,53312,Moers,5170024,"(334127.06, 5701386.2, 336592.85, 5704191.47)"
Asberg,53313,Moers,5170024,"(335915.88, 5699772.33, 338601.38, 5702442.74)"
Hochstraß,53314,Moers,5170024,"(335944.29, 5701960.64, 338714.25, 5703805.31)"
Hülsdonk,53315,Moers,5170024,"(331771.11, 5700766.37, 334843.53, 5704980.44)"
Vinn,53317,Moers,5170024,"(333919.92, 5699566.87, 336743.97, 5701926.9)"
Neukirchen,53318,Neukirchen-Vluyn,5170028,"(328635.43, 5698856.0, 333235.62, 5706055.16)"
Orsoy-Stadt,53319,Rheinberg,5170032,"(335094.79, 5709324.4, 340415.6, 5716678.08)"
Orsoy-Land,53320,Rheinberg,5170032,"(332750.61, 5713349.98, 335716.59, 5716795.12)"
Schaephuysen,53330,Rheurdt,5154048,"(321794.2, 5699116.74, 327763.84, 5704894.08)"
Sonsbeck,53332,Sonsbeck,5170040,"(316389.98, 5716068.6, 322122.93, 5721519.52)"
Birten,53333,Xanten,5170052,"(322064.48, 5721031.31, 328191.97, 5724721.0)"
Menzelen,53335,Alpen,5170004,"(326278.3, 5718143.01, 330841.43, 5722967.62)"
Veen,53336,Alpen,5170004,"(320920.01, 5715949.13, 326926.44, 5722936.97)"
Altschermbeck,53337,Schermbeck,5170036,"(352055.61, 5726031.74, 357735.69, 5734855.75)"
Kamperbruch,53338,Kamp-Lintfort,5170020,"(328168.46, 5708219.34, 330819.11, 5711194.01)"
Lintfort,53339,Kamp-Lintfort,5170020,"(326919.7, 5705164.08, 332091.43, 5708739.31)"
Rossenray,53340,Kamp-Lintfort,5170020,"(330029.38, 5707143.38, 332814.51, 5712247.02)"
Saalhoff,53341,Kamp-Lintfort,5170020,"(324095.08, 5710088.64, 330122.62, 5715974.62)"
Vluyn,53342,Neukirchen-Vluyn,5170028,"(327177.79, 5695922.7, 331697.22, 5703220.06)"
Wardt,53343,Xanten,5170052,"(318432.37, 5723140.31, 327760.07, 5731822.76)"
Xanten,53344,Xanten,5170052,"(321692.82, 5724427.17, 325456.47, 5728360.92)"
Büderich,53345,Meerbusch,5162022,"(335997.85, 5678369.29, 341393.09, 5683726.28)"
Grimlinghausen,53351,Neuss,5162024,"(341352.45, 5669880.21, 346024.8, 5672876.08)"
Neuss,53359,Neuss,5162024,"(334310.74, 5668879.66, 342273.85, 5678557.12)"
Norf,53362,Neuss,5162024,"(339460.12, 5667888.65, 345958.98, 5671166.09)"
Zons,53365,Dormagen,5162004,"(345765.64, 5663974.7, 350868.18, 5670094.17)"
Elten,53367,Emmerich am Rhein,5154008,"(300694.92, 5748290.6, 307059.64, 5754321.53)"
Hüthum,53369,Emmerich am Rhein,5154008,"(304663.77, 5745632.47, 309160.68, 5750773.94)"
Emmerich,53370,Emmerich am Rhein,5154008,"(308471.45, 5744603.26, 312903.12, 5748651.3)"
Haffen-Mehr,53373,Rees,5154044,"(320987.49, 5730956.65, 326680.78, 5737137.87)"
Haldern,53374,Rees,5154044,"(322657.64, 5736641.9, 329844.58, 5743101.37)"
Millingen,53381,Rees,5154044,"(318921.01, 5741256.84, 322681.01, 5745723.45)"
Obrighoven,53383,Wesel,5170048,"(336767.62, 5723422.65, 341846.73, 5728553.66)"
Rees,53384,Rees,5154044,"(316476.09, 5736902.26, 321987.14, 5740140.44)"
Reeserward,53388,Rees,5154044,"(315254.56, 5737542.94, 317851.55, 5741443.7)"
Flüren,53392,Wesel,5170048,"(328981.76, 5725845.93, 333923.83, 5730445.38)"
Hamminkeln,53393,Hamminkeln,5170012,"(327979.83, 5729578.19, 336967.6, 5737423.85)"
Bricht,53395,Schermbeck,5170036,"(349400.7, 5726660.53, 353488.47, 5731772.65)"
Brünen,53396,Hamminkeln,5170012,"(335171.7, 5729193.2, 346244.43, 5738548.62)"
Dämmerwald,53399,Schermbeck,5170036,"(345460.37, 5730604.72, 350740.2, 5735420.33)"
Dornick,53405,Emmerich am Rhein,5154008,"(312306.91, 5742841.57, 315375.68, 5744789.98)"
Praest,53407,Emmerich am Rhein,5154008,"(315147.83, 5743177.09, 320130.01, 5747822.88)"
Vrasselt,53408,Emmerich am Rhein,5154008,"(311700.54, 5744023.52, 316645.67, 5747937.52)"
Wesel,53409,Wesel,5170048,"(330992.14, 5722310.19, 339791.11, 5730348.45)"
Heiligenhaus,53410,Heiligenhaus,5158012,"(354992.96, 5684670.2, 358289.36, 5690911.78)"
Dorp,53411,Solingen,5122000,"(364997.16, 5666331.99, 369861.12, 5672842.57)"
Gräfrath,53412,Solingen,5122000,"(364087.49, 5671724.81, 367943.08, 5676062.71)"
Hetterscheidt,53413,Heiligenhaus,5158012,"(359195.71, 5687760.8, 361524.29, 5690999.31)"
Höhscheid,53414,Solingen,5122000,"(358090.35, 5665040.22, 366124.83, 5670546.02)"
Immigrath,53428,Langenfeld (Rhld.),5158020,"(354716.35, 5661123.16, 360084.29, 5666093.0)"
Solingen,53429,Solingen,5122000,"(364658.69, 5669811.62, 366862.65, 5671899.54)"
Wald,53430,Solingen,5122000,"(361539.85, 5670066.1, 365936.15, 5675044.87)"
Hilden,53431,Hilden,5158016,"(352508.68, 5667483.68, 359246.8, 5673857.26)"
Osterfeld,53432,Oberhausen,5119000,"(351377.49, 5707037.14, 356361.15, 5711825.15)"
Holthausen,53454,Essen,5113000,"(365729.8, 5696868.68, 367693.27, 5699426.29)"
Fischlaken,53455,Essen,5113000,"(361587.73, 5692723.26, 365506.81, 5696987.12)"
Heidhausen,53456,Essen,5113000,"(358149.39, 5691432.19, 363853.59, 5694915.4)"
Hamm,53468,Düsseldorf,5111000,"(340950.46, 5672718.76, 344026.87, 5677763.24)"
Volmerswerth,53469,Düsseldorf,5111000,"(341775.59, 5672343.96, 344196.44, 5673780.22)"
Flehe,53470,Düsseldorf,5111000,"(343241.9, 5672664.87, 345567.66, 5674102.13)"
Stoffeln,53471,Düsseldorf,5111000,"(345084.6, 5672644.89, 347126.85, 5675431.56)"
Wersten,53472,Düsseldorf,5111000,"(346372.47, 5671938.89, 349363.55, 5674100.36)"
Hurendeich,53475,Kleve,5154036,"(306308.1, 5741931.13, 310017.9, 5746024.37)"
Bennrath,54005,Much,5382036,"(383908.54, 5635645.35, 388124.88, 5639350.31)"
Bonrath,54010,Much,5382036,"(389662.72, 5637822.11, 393089.8, 5643624.91)"
Bröl,54013,Ruppichteroth,5382052,"(384591.3, 5630956.96, 388557.45, 5634139.83)"
Dattenfeld,54016,Windeck,5382076,"(394876.04, 5626459.0, 400731.8, 5632575.31)"
Dehrenbach,54017,Ruppichteroth,5382052,"(384645.77, 5626323.56, 389697.84, 5631298.04)"
Eischeid,54018,Neunkirchen-Seelscheid,5382040,"(383347.66, 5631349.43, 387878.39, 5636046.08)"
Eitorf,54019,Eitorf,5382016,"(389240.06, 5620746.04, 396904.72, 5626512.85)"
Geilhausen,54020,Windeck,5382076,"(402298.9, 5624891.4, 407162.96, 5630313.53)"
Geistingen,54021,Hennef (Sieg),5382020,"(375981.38, 5623452.8, 380797.13, 5628800.31)"
Gerlinghausen,54022,Much,5382036,"(384083.78, 5641185.34, 388746.68, 5645452.91)"
Halberg,54023,Lohmar,5382028,"(374815.17, 5633810.51, 378151.13, 5636550.66)"
Halft,54024,Eitorf,5382016,"(388537.85, 5625066.59, 394500.49, 5630760.94)"
Hangelar,54025,Sankt Augustin,5382056,"(368818.57, 5622888.02, 373391.04, 5626438.11)"
Happerschoß,54026,Hennef (Sieg),5382020,"(378652.32, 5627456.43, 383113.45, 5630446.17)"
Hasenpohl,54027,Königswinter,5382024,"(375142.94, 5616543.81, 379145.08, 5619500.52)"
Herchen,54029,Windeck,5382076,"(393113.77, 5623899.08, 397664.77, 5628859.77)"
Inger,54035,Lohmar,5382028,"(375558.88, 5631289.34, 379572.97, 5634393.89)"
Much,54052,Much,5382036,"(384867.78, 5638387.78, 390169.63, 5642319.94)"
Niederdollendorf,54053,Königswinter,5382024,"(370761.74, 5615999.5, 374710.67, 5618192.53)"
Niedermenden,54055,Sankt Augustin,5382056,"(369052.16, 5625840.64, 370471.31, 5628978.13)"
Niederpleis,54056,Sankt Augustin,5382056,"(372276.29, 5623681.55, 375999.45, 5627523.12)"
Oberdollendorf,54057,Königswinter,5382024,"(370654.34, 5616768.74, 374627.08, 5619508.87)"
Oberhau,54058,Königswinter,5382024,"(380150.59, 5614510.29, 384994.5, 5618024.8)"
Obermenden,54060,Sankt Augustin,5382056,"(370112.17, 5626030.75, 372422.72, 5629228.47)"
Oberpleis,54061,Königswinter,5382024,"(376724.51, 5617398.14, 382180.55, 5619884.87)"
Oelinghoven,54062,Königswinter,5382024,"(373738.5, 5618843.09, 377270.75, 5622137.97)"
Rosbach,54065,Windeck,5382076,"(399957.75, 5625965.15, 405713.16, 5630172.18)"
Ruppichteroth,54066,Ruppichteroth,5382052,"(388339.01, 5632635.91, 394893.68, 5637570.0)"
Seelscheid,54068,Neunkirchen-Seelscheid,5382040,"(378634.64, 5634966.81, 384193.09, 5640833.96)"
Siegburg,54069,Siegburg,5382060,"(371339.33, 5626847.73, 375024.32, 5631772.23)"
Söven,54073,Hennef (Sieg),5382020,"(375004.39, 5621476.05, 379982.6, 5624810.52)"
Spich,54074,Troisdorf,5382068,"(365538.76, 5630968.34, 369072.43, 5634571.26)"
Wahlfeld,54082,Königswinter,5382024,"(376472.21, 5619358.56, 381123.57, 5621806.33)"
Wahlscheid,54083,Lohmar,5382028,"(376564.44, 5635968.69, 380884.6, 5640045.59)"
Wellesberg,54084,Hennef (Sieg),5382020,"(380969.84, 5617344.19, 385241.62, 5620847.96)"
Windeck,54086,Windeck,5382076,"(398421.08, 5628530.82, 401757.7, 5633289.11)"
Alfter,54102,Alfter,5382004,"(355867.93, 5619069.61, 361724.35, 5624607.58)"
Altendorf,54103,Meckenheim,5382032,"(356853.0, 5603300.38, 361783.4, 5608213.41)"
Bornheim-Brenig,54107,Bornheim,5382012,"(354430.41, 5620798.57, 360623.87, 5628133.84)"
Ersdorf,54111,Meckenheim,5382032,"(355301.97, 5604011.26, 359722.18, 5608510.83)"
Gielsdorf,54116,Alfter,5382004,"(356291.5, 5618372.02, 361220.91, 5622240.57)"
Hilberath,54121,Rheinbach,5382048,"(352806.98, 5602403.67, 357274.38, 5604391.79)"
Ließem,54129,Wachtberg,5382072,"(367571.08, 5611298.19, 370809.07, 5613094.96)"
Meckenheim,54132,Meckenheim,5382032,"(357645.22, 5607519.76, 363090.33, 5613329.83)"
Merl,54134,Meckenheim,5382032,"(361696.99, 5609910.6, 363096.25, 5611559.45)"
Merten,54135,Bornheim,5382012,"(349515.12, 5626261.53, 355124.26, 5629020.45)"
Neukirchen,54139,Rheinbach,5382048,"(351394.14, 5604225.87, 354452.74, 5608252.98)"
Oedekoven,54146,Alfter,5382004,"(356422.42, 5617926.01, 361667.08, 5621231.46)"
Witterschlick,54165,Alfter,5382004,"(357808.23, 5614016.11, 361812.65, 5618831.47)"
Wormersdorf,54166,Rheinbach,5382048,"(354919.77, 5605851.86, 359069.8, 5610537.26)"
Weilerswist,54468,Weilerswist,5366040,"(345327.72, 5623034.92, 349979.28, 5628624.56)"
Aachen,54171,Aachen,5334002,"(290483.43, 5622676.51, 297819.79, 5631703.92)"
Brand,54172,Aachen,5334002,"(298083.54, 5623704.82, 302834.48, 5628814.97)"
Burtscheid,54173,Aachen,5334002,"(294405.69, 5623385.39, 297229.57, 5628522.21)"
Eilendorf,54174,Aachen,5334002,"(298240.25, 5626506.13, 301786.9, 5630736.44)"
Forst,54175,Aachen,5334002,"(295743.72, 5622293.55, 299187.52, 5630146.78)"
Haaren,54176,Aachen,5334002,"(296280.09, 5629622.27, 302065.27, 5632308.76)"
Laurensberg,54178,Aachen,5334002,"(286827.67, 5625989.67, 296493.06, 5634891.86)"
Merkstein,54259,Herzogenrath,5334016,"(294312.54, 5638577.76, 299279.26, 5644243.11)"
Kohlscheid,54260,Herzogenrath,5334016,"(292873.64, 5632518.92, 296403.13, 5637389.18)"
Stolberg,54261,Stolberg (Rhld.),5334032,"(300842.16, 5624086.2, 307677.81, 5631944.92)"
Würselen,54262,Würselen,5334036,"(295597.02, 5631830.99, 300121.22, 5636209.64)"
Eicherscheid,54272,Simmerath,5334028,"(307094.19, 5602659.75, 312200.56, 5608318.67)"
Höfen,54273,Monschau,5334020,"(304295.82, 5597271.5, 314344.66, 5604022.32)"
Strauch,54281,Simmerath,5334028,"(309598.5, 5610195.59, 314730.08, 5616320.68)"
Monschau,54282,Monschau,5334020,"(302070.5, 5602266.13, 306742.6, 5605643.55)"
Roetgen,54283,Roetgen,5334024,"(299684.48, 5611781.83, 306557.51, 5618071.18)"
Rurberg,54285,Simmerath,5334028,"(311235.92, 5600827.84, 317436.11, 5614704.35)"
Simmerath,54289,Simmerath,5334028,"(306288.96, 5606445.51, 311765.74, 5616516.75)"
Lammersdorf,54290,Simmerath,5334028,"(305378.46, 5611545.95, 309247.87, 5618477.29)"
Zweifall,54291,Stolberg (Rhld.),5334032,"(305079.72, 5618333.44, 310364.9, 5623096.8)"
Breinig,54293,Stolberg (Rhld.),5334032,"(301733.44, 5619951.14, 307328.68, 5625618.18)"
Beuel,54301,Bonn,5314000,"(364310.28, 5619713.91, 372637.92, 5626409.68)"
Bonn,54302,Bonn,5314000,"(361187.24, 5619880.11, 368136.71, 5626124.51)"
Dottendorf,54304,Bonn,5314000,"(365543.62, 5616631.59, 368592.95, 5619713.69)"
Duisdorf,54305,Bonn,5314000,"(360374.05, 5616764.03, 363379.03, 5621273.64)"
Endenich,54306,Bonn,5314000,"(362836.53, 5619141.82, 365127.84, 5622414.52)"
Friesdorf,54307,Bonn,5314000,"(366378.24, 5616150.04, 369542.75, 5619225.96)"
Godesberg,54308,Bonn,5314000,"(366396.95, 5613760.95, 370418.18, 5617627.15)"
Muffendorf,54316,Bonn,5314000,"(366089.63, 5612972.8, 371345.32, 5615738.22)"
Poppelsdorf,54319,Bonn,5314000,"(364411.46, 5618344.75, 366021.87, 5621338.26)"
Blankenheim,54324,Blankenheim,5366008,"(331115.83, 5587580.76, 334528.75, 5591546.39)"
Blankenheimerdorf,54325,Blankenheim,5366008,"(328455.08, 5587492.84, 334380.04, 5592974.31)"
Bleibuir,54328,Mechernich,5366028,"(325510.24, 5603245.85, 331001.35, 5608803.54)"
Kronenburg,54338,Dahlem,5366012,"(316369.19, 5579036.27, 323437.17, 5587574.0)"
Baasem,54339,Dahlem,5366012,"(316852.71, 5581682.29, 324300.61, 5588396.07)"
Dahlem,54340,Dahlem,5366012,"(320395.17, 5582264.86, 328218.95, 5589463.62)"
Dollendorf,54341,Blankenheim,5366008,"(333664.96, 5578487.16, 339887.9, 5584860.5)"
Hüngersdorf,54343,Blankenheim,5366008,"(333635.74, 5583610.82, 337778.05, 5588444.82)"
Ripsdorf,54344,Blankenheim,5366008,"(329637.08, 5582111.0, 335971.33, 5588294.5)"
Waldorf,54345,Blankenheim,5366008,"(328574.62, 5582955.82, 331869.7, 5585782.26)"
Dreiborn,54346,Schleiden,5366036,"(312745.75, 5600426.18, 321633.13, 5609261.84)"
Gemünd,54352,Schleiden,5366036,"(317210.02, 5602554.7, 327242.15, 5610612.95)"
Hellenthal,54360,Hellenthal,5366020,"(309684.09, 5589275.29, 323786.03, 5599072.48)"
Hollerath,54361,Hellenthal,5366020,"(311230.21, 5587688.31, 321631.55, 5594992.83)"
Holzmülheim,54362,Nettersheim,5366032,"(338430.14, 5596076.27, 342335.27, 5599807.31)"
Tondorf,54368,Nettersheim,5366032,"(334380.04, 5591864.58, 341700.96, 5595472.79)"
Rohr,54370,Blankenheim,5366008,"(336900.91, 5589014.69, 341312.12, 5592712.83)"
Ländchen,54372,Hellenthal,5366020,"(320058.85, 5589189.15, 328241.95, 5593702.75)"
Lommersdorf,54373,Blankenheim,5366008,"(338941.81, 5583631.49, 342658.35, 5590090.89)"
Freilingen,54375,Blankenheim,5366008,"(335719.14, 5584041.5, 339691.24, 5589607.18)"
Uedelhoven,54376,Blankenheim,5366008,"(338665.66, 5580285.11, 341967.13, 5583831.36)"
Marmagen,54377,Nettersheim,5366032,"(326016.08, 5590676.18, 330530.21, 5597804.74)"
Schleiden,54384,Schleiden,5366036,"(317384.66, 5597471.88, 324329.15, 5603922.31)"
Udenbreth,54385,Hellenthal,5366020,"(313216.48, 5584610.17, 317728.25, 5589887.8)"
Mechernich,54392,Mechernich,5366028,"(329376.37, 5603976.61, 337013.07, 5608213.05)"
Losheim,54394,Hellenthal,5366020,"(311095.11, 5577679.35, 316793.33, 5588986.09)"
Wahlen,54395,Kall,5366024,"(322441.5, 5592334.64, 328023.62, 5598180.42)"
Effelsberg,54410,Bad Münstereifel,5366004,"(345365.02, 5595456.26, 351521.4, 5601214.95)"
Euskirchen,54417,Euskirchen,5366016,"(339853.73, 5609050.52, 345887.92, 5617875.88)"
Flamersheim,54418,Euskirchen,5366016,"(346431.42, 5603072.78, 353768.27, 5611768.66)"
Houverath,54423,Bad Münstereifel,5366004,"(346721.91, 5599152.91, 353409.67, 5603631.78)"
Kommern,54430,Mechernich,5366028,"(331591.63, 5607125.35, 337061.59, 5612031.23)"
Mahlberg,54439,Bad Münstereifel,5366004,"(343400.57, 5595863.81, 346669.01, 5600626.54)"
Mutscheid,54442,Bad Münstereifel,5366004,"(344017.95, 5591212.5, 351418.91, 5598791.81)"
Münstereifel,54444,Bad Münstereifel,5366004,"(340109.98, 5599457.29, 351085.49, 5604637.16)"
Schönau,54456,Bad Münstereifel,5366004,"(340498.2, 5594661.55, 344922.28, 5599875.97)"
Olpe,54941,Kürten,5378012,"(377965.66, 5653581.78, 383643.89, 5660064.18)"
Paffrath,54942,Bergisch Gladbach,5378004,"(364040.64, 5649941.13, 368137.06, 5654577.68)"
Refrath,54944,Bergisch Gladbach,5378004,"(365578.07, 5644938.19, 369777.55, 5648555.02)"
Rösrath,54945,Rösrath,5378028,"(368763.55, 5638146.39, 373044.09, 5641577.36)"
Sand,54946,Bergisch Gladbach,5378004,"(369568.21, 5648985.8, 373976.85, 5653401.46)"
Unterodenthal,54951,Odenthal,5378020,"(366117.31, 5652646.25, 371163.39, 5658913.16)"
Vilkerath,54954,Overath,5378024,"(379149.3, 5645763.9, 383150.58, 5648824.98)"
Volberg,54955,Rösrath,5378028,"(368989.95, 5640925.21, 373217.18, 5643113.16)"
Witzhelden,54956,Leichlingen (Rhld.),5378016,"(365286.42, 5662721.48, 371070.57, 5666946.22)"
Köln,54958,Köln,5315000,"(354487.06, 5642400.56, 357726.25, 5647032.12)"
Köln-Rondorf,54959,Köln,5315000,"(353713.99, 5639573.33, 358512.01, 5643335.71)"
Ehrenfeld,54963,Köln,5315000,"(352997.65, 5645102.06, 356084.67, 5647482.78)"
Nippes,54964,Köln,5315000,"(354214.74, 5646653.62, 359512.67, 5649443.6)"
Worringen,54965,Köln,5315000,"(343917.32, 5652132.69, 357899.15, 5661476.08)"
Longerich,54966,Köln,5315000,"(350401.2, 5648301.96, 359196.93, 5654971.5)"
Mülheim,54967,Köln,5315000,"(357813.14, 5645025.52, 361911.96, 5649592.93)"
Wichheim-Schweinheim,54968,Köln,5315000,"(361101.99, 5646128.07, 364595.63, 5650901.65)"
Merheim,54969,Köln,5315000,"(361053.12, 5642585.19, 363936.87, 5647376.17)"
Wassenberg,54501,Wassenberg,5370036,"(298581.24, 5662773.21, 303530.17, 5667718.96)"
Merbeck,54511,Wegberg,5370040,"(304779.77, 5670725.28, 309969.47, 5674567.57)"
Hückelhoven-Ratheim,54524,Hückelhoven,5370020,"(300520.58, 5655870.25, 307063.85, 5663533.38)"
Erkelenz,54526,Erkelenz,5370004,"(309363.35, 5658350.97, 315630.19, 5665161.38)"
Wolbeck-Kirchspiel,55012,Münster,5515000,"(409788.77, 5750296.68, 415715.26, 5756976.07)"
Angelmodde,55013,Münster,5515000,"(408622.35, 5751226.85, 411821.69, 5754831.19)"
Alverskirchen,55014,Everswinkel,5570024,"(414480.2, 5747529.07, 420310.27, 5754924.48)"
Albersloh,55015,Sendenhorst,5570040,"(409653.56, 5742792.31, 417321.51, 5751601.68)"
Rinkerode,55016,Drensteinfurt,5570016,"(404332.86, 5740008.54, 412855.33, 5748408.44)"
Nottuln,55017,Nottuln,5558032,"(383610.47, 5748528.63, 392637.73, 5759045.66)"
Tecklenburg,55035,Tecklenburg,5566088,"(417088.19, 5784807.08, 420046.37, 5787933.53)"
Ledde,55036,Tecklenburg,5566088,"(417373.35, 5785609.11, 422793.82, 5790688.72)"
Leeden,55037,Tecklenburg,5566088,"(421565.35, 5783442.67, 426800.95, 5789868.22)"
Lotte,55038,Lotte,5566048,"(423620.63, 5787442.76, 428864.84, 5794453.28)"
Wersen,55039,Lotte,5566048,"(425577.38, 5793976.41, 431230.62, 5802265.69)"
Westerkappeln,55040,Westerkappeln,5566092,"(417859.54, 5789437.47, 426572.69, 5803952.87)"
Brochterbeck,55041,Tecklenburg,5566088,"(410172.72, 5781500.24, 418172.22, 5789150.48)"
Lengerich,55042,Lengerich,5566040,"(412657.58, 5774425.89, 426789.41, 5786000.29)"
Ladbergen,55043,Ladbergen,5566032,"(411119.4, 5772070.55, 421244.69, 5781745.66)"
Ostbevern,55044,Ostbevern,5570032,"(412564.95, 5761622.83, 426020.52, 5773293.21)"
Milte,55045,Warendorf,5570052,"(422852.16, 5760647.38, 431685.82, 5767361.36)"
Hoetmar,55059,Warendorf,5570052,"(421318.94, 5745095.66, 429435.92, 5750856.72)"
Westkirchen,55060,Ennigerloh,5570020,"(429194.58, 5746010.97, 436192.86, 5752907.38)"
Ostenfelde,55061,Ennigerloh,5570020,"(433589.69, 5743458.35, 440829.23, 5751085.49)"
Ennigerloh,55062,Ennigerloh,5570020,"(428758.59, 5740147.74, 437402.54, 5747063.27)"
Vorhelm,55082,Ahlen,5570004,"(422970.81, 5736701.7, 430462.75, 5742846.86)"
Wegberg,54539,Wegberg,5370040,"(304245.25, 5664498.09, 314993.31, 5672862.43)"
Übach-Palenberg,54553,Übach-Palenberg,5370028,"(290334.1, 5642378.62, 300179.38, 5648634.69)"
Senden,55101,Senden,5558044,"(391192.0, 5741878.7, 400155.66, 5751257.55)"
Appelhülsen,55102,Nottuln,5558032,"(390225.87, 5748862.11, 394210.98, 5752630.69)"
Rorup,55158,Dülmen,5558016,"(378010.25, 5750056.56, 382274.17, 5754265.75)"
Haltern-Stadt,55160,Haltern am See,5562016,"(372671.18, 5731853.33, 379116.15, 5736313.84)"
Haltern-Kirchspiel,55161,Haltern am See,5562016,"(367225.44, 5730480.77, 383465.55, 5742786.02)"
Haltern,55162,Haltern am See,5562016,"(365055.88, 5728858.64, 380774.56, 5738087.21)"
Gangelt,54557,Gangelt,5370008,"(286238.79, 5648272.35, 294475.18, 5656551.24)"
Osterwick,55170,Rosendahl,5558040,"(368795.9, 5759864.85, 379101.34, 5767956.41)"
Holtwick,55171,Rosendahl,5558040,"(366259.66, 5760004.06, 374728.54, 5765349.14)"
Geilenkirchen,54559,Geilenkirchen,5370012,"(292963.35, 5646815.78, 301878.43, 5655224.3)"
Südlohn,55176,Südlohn,5554060,"(350782.37, 5755388.3, 357847.55, 5762580.86)"
Wessum,55177,Ahaus,5554004,"(357456.57, 5771440.72, 365409.71, 5782253.04)"
Alstätte,55178,Ahaus,5554004,"(354001.14, 5774477.88, 360566.05, 5783164.48)"
Randerath,54562,Heinsberg (Rhld.),5370016,"(296448.75, 5653947.97, 304606.6, 5657888.63)"
Effeld,54574,Wassenberg,5370036,"(295671.42, 5666233.73, 301072.57, 5670225.47)"
Quadrath-Ichendorf,54627,Bergheim,5362008,"(333761.07, 5643100.66, 340812.35, 5647660.7)"
Haaren,54580,Waldfeucht,5370032,"(288792.06, 5660163.99, 294221.88, 5665777.01)"
Heinsberg,54584,Heinsberg (Rhld.),5370016,"(294815.37, 5657520.31, 297777.29, 5663284.42)"
Bachem,54660,Frechen,5362024,"(342925.5, 5638484.66, 349197.86, 5642573.75)"
Buschbell,54661,Frechen,5362024,"(339765.51, 5643397.83, 346942.1, 5645452.07)"
Frechen,54662,Frechen,5362024,"(340470.82, 5638422.59, 348506.88, 5644238.28)"
Arsbeck,54591,Wegberg,5370040,"(299997.53, 5668677.35, 306246.25, 5674146.2)"
Bergisch Neukirchen,54601,Leverkusen,5316000,"(360030.49, 5659222.28, 365184.28, 5662452.82)"
Bürrig,54602,Leverkusen,5316000,"(356242.82, 5655662.79, 360749.43, 5658820.49)"
Opladen,54605,Leverkusen,5316000,"(358070.01, 5657795.08, 361878.52, 5661900.74)"
Lützenkirchen,54604,Leverkusen,5316000,"(360328.61, 5656795.13, 366468.72, 5660242.98)"
Bergheim,54620,Bergheim,5362008,"(331210.37, 5644495.38, 336409.39, 5651991.63)"
Hüchelhoven,54622,Bergheim,5362008,"(335106.92, 5644931.28, 343210.63, 5654888.66)"
Badorf,54630,Brühl,5362012,"(347905.37, 5628075.26, 353327.39, 5631932.6)"
Brühl,54631,Brühl,5362012,"(347426.28, 5630496.03, 354635.33, 5634629.36)"
Kierberg,54632,Brühl,5362012,"(348333.79, 5632157.82, 351912.02, 5634131.25)"
Blatzheim,54680,Kerpen,5362032,"(331579.1, 5632715.5, 337129.88, 5641066.47)"
Bergstein,54703,Hürtgenwald,5358016,"(316694.59, 5617238.55, 320517.76, 5620818.17)"
Brandenberg,54704,Hürtgenwald,5358016,"(315233.78, 5618424.15, 318636.45, 5623150.36)"
Bliesheim,54650,Erftstadt,5362020,"(344611.48, 5625763.96, 348599.04, 5630453.89)"
Lechenich,54657,Erftstadt,5362020,"(338219.67, 5626546.01, 345776.7, 5632880.73)"
Liblar,54658,Erftstadt,5362020,"(344478.37, 5629522.85, 348185.74, 5636433.67)"
Fischenich,54672,Hürth,5362028,"(348650.63, 5634434.47, 353860.51, 5637778.92)"
Gleuel,54673,Hürth,5362028,"(343571.62, 5636946.16, 349981.97, 5641565.83)"
Horrem,54682,Kerpen,5362032,"(337618.91, 5640103.91, 341898.19, 5644059.56)"
Kerpen,54683,Kerpen,5362032,"(334649.53, 5634515.99, 340645.65, 5641632.88)"
Brauweiler,54690,Pulheim,5362036,"(341135.59, 5645329.58, 347698.11, 5650593.79)"
Stommeln,54694,Pulheim,5362036,"(339440.61, 5652119.15, 346335.25, 5659555.55)"
Gey,54707,Hürtgenwald,5358016,"(313597.36, 5623697.25, 319168.97, 5627970.62)"
Großhau,54708,Hürtgenwald,5358016,"(312531.17, 5622867.29, 317389.34, 5626218.32)"
Hürtgen,54709,Hürtgenwald,5358016,"(310104.96, 5618438.14, 315835.59, 5623730.99)"
Kleinhau,54710,Hürtgenwald,5358016,"(311293.08, 5621179.01, 317338.17, 5625600.09)"
Schmidt,54719,Nideggen,5358044,"(314311.68, 5612489.54, 319263.45, 5618361.13)"
Vossenack,54720,Hürtgenwald,5358016,"(308148.21, 5614359.34, 316800.28, 5621203.84)"
Boich-Leversbach,54744,Kreuzau,5358028,"(318982.23, 5619696.3, 324172.63, 5622389.85)"
Merode,54752,Langerwehe,5358032,"(313257.23, 5626050.03, 316977.21, 5632317.7)"
Froitzheim,54754,Vettweiß,5358060,"(325032.28, 5619968.96, 332498.61, 5622920.13)"
Düren,54749,Düren,5358008,"(320565.27, 5627381.93, 326559.86, 5633326.95)"
Heek,55187,Heek,5554024,"(363898.7, 5771700.19, 375035.72, 5778051.68)"
Horstmar,55195,Horstmar,5566024,"(379669.6, 5768671.62, 387400.42, 5778404.47)"
Metelen,55196,Metelen,5566052,"(372438.26, 5775439.22, 381754.58, 5783104.73)"
Ochtrup,55199,Ochtrup,5566068,"(369797.27, 5780780.59, 383560.61, 5792268.08)"
Wettringen,55202,Wettringen,5566096,"(378246.34, 5783212.91, 389837.0, 5793637.84)"
Rheine-Stadt,55203,Rheine,5566076,"(391060.92, 5790691.15, 396690.2, 5798486.89)"
Rheine r.d. Ems,55204,Rheine,5566076,"(391155.26, 5789895.67, 401902.99, 5800168.56)"
Rheine l.d. Ems,55205,Rheine,5566076,"(388529.43, 5783731.03, 395936.76, 5796938.41)"
Neuenkirchen,55206,Neuenkirchen,5566060,"(385627.5, 5782256.49, 393737.95, 5794906.75)"
Mesum,55207,Rheine,5566076,"(393620.31, 5783464.87, 399308.99, 5790079.48)"
Emsdetten,55208,Emsdetten,5566008,"(392818.92, 5776438.25, 406599.99, 5787609.71)"
Nideggen,54774,Nideggen,5358044,"(318257.04, 5616014.24, 324112.15, 5620979.56)"
Abenden,54775,Nideggen,5358044,"(318874.72, 5614905.47, 323728.78, 5617791.07)"
Wenau,54789,Langerwehe,5358032,"(309600.19, 5627779.44, 314553.38, 5632577.98)"
Jüngersdorf,54791,Langerwehe,5358032,"(313405.32, 5628403.5, 316155.36, 5634025.49)"
Waldvelen,55245,Velen,5554064,"(358156.04, 5747163.99, 365822.66, 5754889.97)"
Hülscheid,51009,Schalksmühle,5962056,"(396413.24, 5677312.53, 404668.23, 5683722.1)"
Lüdenscheid-Land,51010,Lüdenscheid,5962032,"(398874.39, 5667898.58, 410872.55, 5680826.85)"
Lüdenscheid-Stadt,51011,Lüdenscheid,5962032,"(401708.36, 5672965.29, 406706.32, 5677066.65)"
Meinerzhagen,51012,Meinerzhagen,5962036,"(401804.28, 5658349.93, 410183.58, 5668284.14)"
Valbert,51013,Meinerzhagen,5962036,"(408115.3, 5658429.34, 418724.5, 5666922.27)"
Jülich,54836,Jülich,5358024,"(312943.74, 5639517.49, 319314.24, 5647354.71)"
Herblinghausen,51048,Sundern (Sauerl.),5958044,"(436750.08, 5687308.52, 439542.83, 5690139.57)"
Titz,54855,Titz,5358056,"(316268.68, 5649092.37, 323579.71, 5657987.15)"
Balken,54901,Overath,5378024,"(377310.37, 5643753.32, 381325.62, 5647273.26)"
Bechen,54902,Kürten,5378012,"(372690.3, 5653944.97, 376921.53, 5659587.71)"
Bensberg-Freiheit,54903,Bergisch Gladbach,5378004,"(369501.16, 5646558.57, 372068.91, 5649644.24)"
Forsbach,54918,Rösrath,5378028,"(369261.29, 5642292.31, 373579.31, 5645055.71)"
Gladbach,54919,Bergisch Gladbach,5378004,"(367022.48, 5647827.46, 370763.3, 5651927.82)"
Gronau,54920,Bergisch Gladbach,5378004,"(366193.42, 5647609.35, 369115.42, 5650793.32)"
Heiliger,54922,Overath,5378024,"(376839.74, 5640818.27, 382953.47, 5644813.24)"
Herkenrath,54923,Bergisch Gladbach,5378004,"(371371.64, 5647254.62, 377447.62, 5652126.39)"
Immekeppel,54925,Overath,5378024,"(375050.95, 5645860.02, 379497.07, 5649931.62)"
Kürten,54927,Kürten,5378012,"(375716.72, 5654426.8, 381078.99, 5660885.94)"
Leichlingen,54928,Leichlingen (Rhld.),5378016,"(359153.59, 5660727.72, 366275.68, 5666351.46)"
Löderich,54932,Overath,5378024,"(373848.98, 5643333.23, 377898.66, 5646805.72)"
Lüghausen,54933,Rösrath,5378028,"(372701.77, 5639142.24, 375936.25, 5641875.24)"
Deutz,54972,Köln,5315000,"(357031.22, 5643034.22, 359614.43, 5646775.11)"
Heumar,54984,Köln,5315000,"(361706.59, 5640945.42, 369250.04, 5643078.57)"
Lövenich,54989,Köln,5315000,"(345790.17, 5641310.05, 351025.05, 5649667.27)"
Rondorf-Land,54993,Köln,5315000,"(353246.44, 5633439.74, 362939.98, 5640722.28)"
Münster,55001,Münster,5515000,"(399856.69, 5752723.83, 410577.07, 5763395.88)"
Sankt Mauritz,55002,Münster,5515000,"(401497.93, 5755133.88, 412339.08, 5768640.72)"
Handorf,55005,Münster,5515000,"(409545.73, 5756250.03, 414008.14, 5765762.19)"
Amelsbüren,55006,Münster,5515000,"(399142.21, 5744171.4, 407134.36, 5753460.94)"
Hiltrup,55007,Münster,5515000,"(403087.92, 5747275.01, 411195.12, 5753606.06)"
Telgte-Stadt,55008,Telgte,5570044,"(415714.29, 5758689.1, 417559.71, 5760597.48)"
Telgte-Kirchspiel,55009,Telgte,5570044,"(412722.64, 5754011.08, 424228.26, 5763114.24)"
Westbevern,55010,Telgte,5570044,"(411100.16, 5762482.2, 418022.46, 5768947.92)"
Roxel,55019,Münster,5515000,"(395091.31, 5754357.95, 402224.9, 5759627.0)"
Bösensell,55021,Senden,5558044,"(392096.76, 5749446.94, 397698.17, 5755618.14)"
Nienberge,55022,Münster,5515000,"(397940.35, 5758596.16, 403492.1, 5767090.72)"
Havixbeck,55023,Havixbeck,5558020,"(387698.08, 5754578.02, 395792.62, 5763258.26)"
Greven,55024,Greven,5566012,"(398934.03, 5765470.67, 414752.95, 5778802.86)"
Saerbeck,55026,Saerbeck,5566080,"(401227.37, 5776974.54, 411947.81, 5786932.71)"
Ibbenbüren,55027,Ibbenbüren,5566028,"(404874.55, 5783883.63, 421038.68, 5800415.34)"
Riesenbeck,55028,Hörstel,5566016,"(403004.84, 5784861.61, 409938.63, 5793535.74)"
Hopsten,55031,Hopsten,5566020,"(400542.02, 5799801.47, 409612.04, 5808774.34)"
Lienen,55047,Lienen,5566044,"(420367.45, 5770876.54, 433323.24, 5781628.08)"
Warendorf,55048,Warendorf,5570052,"(422847.11, 5753615.56, 435326.99, 5759216.79)"
Ottmarsbocholt,55104,Senden,5558044,"(396501.01, 5736687.05, 403667.52, 5745487.34)"
Ascheberg,55105,Ascheberg,5558004,"(399877.67, 5733852.94, 409371.49, 5744596.14)"
Nordkirchen,55106,Nordkirchen,5558028,"(394819.81, 5730351.71, 403422.03, 5737089.28)"
Olfen-Stadt,55108,Olfen,5558036,"(386063.7, 5727546.73, 390144.53, 5731131.22)"
Seppenrade,55109,Lüdinghausen,5558024,"(379880.56, 5731909.47, 392477.01, 5740510.86)"
Datteln,55110,Datteln,5562008,"(379459.36, 5719414.83, 390796.93, 5729302.06)"
Herten,55116,Herten,5562020,"(366139.69, 5712594.14, 373810.6, 5721996.94)"
Oer-Erkenschwick,55117,Oer-Erkenschwick,5562028,"(374892.53, 5720645.69, 382201.51, 5729584.47)"
Henrichenburg,55119,Castrop-Rauxel,5562004,"(380886.06, 5717322.83, 385385.15, 5720849.71)"
Waltrop,55121,Waltrop,5562036,"(383615.18, 5716330.93, 393770.17, 5724710.89)"
Dorsten,55122,Dorsten,5562012,"(354274.08, 5721623.12, 367319.21, 5732173.71)"
Altendorf-Ulfkotte,55123,Dorsten,5562012,"(359878.71, 5720995.45, 364693.26, 5724700.73)"
Marl,55124,Marl,5562024,"(363277.4, 5719990.53, 375911.09, 5731565.9)"
Buer,55126,Gelsenkirchen,5513000,"(360695.26, 5710659.48, 371361.38, 5721921.59)"
Gladbeck,55129,Gladbeck,5562014,"(355906.74, 5710939.97, 363551.88, 5721097.54)"
Bottrop,55130,Bottrop,5512000,"(352320.2, 5707134.18, 361220.89, 5714550.96)"
Kirchhellen,55132,Bottrop,5512000,"(349824.77, 5713303.91, 360428.27, 5723563.4)"
Anholt,55140,Isselburg,5554032,"(320078.87, 5745384.72, 326373.99, 5750241.74)"
Bocholt,55142,Bocholt,5554008,"(333317.6, 5743306.59, 339440.58, 5748658.52)"
Bismarck,55143,Gelsenkirchen,5513000,"(366036.44, 5709061.24, 370806.4, 5712667.94)"
Borken,55145,Borken,5554012,"(350391.94, 5744072.31, 356269.61, 5748433.15)"
Marbeck,55146,Borken,5554012,"(351366.87, 5738006.66, 356813.68, 5744912.66)"
Rhede,55147,Rhede,5554048,"(338536.68, 5743360.17, 344786.31, 5747070.49)"
Raesfeld,55148,Raesfeld,5554040,"(346038.22, 5735120.09, 353515.77, 5741399.34)"
Ramsdorf,55150,Velen,5554064,"(354334.71, 5746511.51, 360038.83, 5756653.52)"
Weseke,55151,Borken,5554012,"(348320.49, 5750719.3, 356181.2, 5755744.13)"
Gemen,55152,Borken,5554012,"(351315.29, 5746572.31, 354121.94, 5750490.74)"
Heiden,55153,Heiden,5554028,"(354543.65, 5737649.8, 364070.39, 5748723.56)"
Groß-Reken,55154,Reken,5554044,"(360562.66, 5740537.09, 370137.97, 5750396.89)"
Dülmen-Stadt,55155,Dülmen,5558016,"(378586.7, 5740946.85, 384439.88, 5745744.88)"
Buldern,55156,Dülmen,5558016,"(381578.07, 5745066.68, 391734.46, 5751845.04)"
Ahaus,55180,Ahaus,5554004,"(362143.36, 5767920.26, 367554.43, 5774198.35)"
Schöppingen-Kirchspiel,55185,Schöppingen,5554052,"(369959.7, 5767269.4, 381734.27, 5776981.96)"
Epe,55223,Gronau (Westf.),5554020,"(359872.95, 5777882.25, 370266.2, 5785575.35)"
Gemen-Kirchspiel,55227,Borken,5554012,"(348613.38, 5746547.76, 355619.53, 5751344.52)"
Lowick,55230,Bocholt,5554008,"(331454.81, 5743987.88, 334344.97, 5747647.13)"
Mussum,55231,Bocholt,5554008,"(329431.13, 5740458.23, 335461.02, 5744680.34)"
Spork,55232,Bocholt,5554008,"(329339.89, 5746938.55, 333068.73, 5751392.01)"
Stenern,55233,Bocholt,5554008,"(335513.98, 5746941.85, 339526.45, 5752796.29)"
Hoxfeld,55237,Borken,5554012,"(344658.18, 5744237.56, 351469.37, 5748816.24)"
Rhedebrügge,55238,Borken,5554012,"(343742.62, 5740188.74, 348159.45, 5746261.23)"
Borkenwirthe,55240,Borken,5554012,"(344747.7, 5747048.27, 351879.38, 5753788.62)"
Krommert,55242,Rhede,5554048,"(339942.76, 5737745.85, 345603.81, 5743829.62)"
Tungerloh-Capellen,55250,Gescher,5554016,"(363948.36, 5755909.31, 368820.59, 5761990.53)"
Harwick,55252,Gescher,5554016,"(360121.42, 5756445.7, 365191.4, 5761427.88)"
Tungerloh-Pröbsting,55253,Gescher,5554016,"(362125.07, 5749950.53, 368086.53, 5756748.56)"
Dülmen-Kirchspiel,55254,Dülmen,5558016,"(375988.77, 5737816.79, 391208.36, 5750716.63)"
Hörstel,55261,Hörstel,5566016,"(399506.11, 5792889.45, 408118.17, 5800284.45)"
Gröblingen,55263,Sassenberg,5570036,"(429708.13, 5757226.41, 434931.65, 5763112.04)"
Velsen,55264,Warendorf,5570052,"(425151.14, 5757408.28, 430912.11, 5761231.75)"
Vohren,55265,Warendorf,5570052,"(431483.19, 5751414.68, 438307.52, 5757357.4)"
Bulmke,55266,Gelsenkirchen,5513000,"(368201.94, 5707417.77, 369972.44, 5709587.35)"
Gelsenkirchen,55267,Gelsenkirchen,5513000,"(366876.01, 5706826.26, 368759.3, 5709359.77)"
Heßler,55268,Gelsenkirchen,5513000,"(362786.53, 5708176.33, 367345.54, 5711495.55)"
Schalke,55270,Gelsenkirchen,5513000,"(365664.74, 5707427.21, 368368.22, 5710376.7)"
Ückendorf,55271,Gelsenkirchen,5513000,"(367932.39, 5705001.17, 371762.29, 5707992.98)"
Heelden,55273,Isselburg,5554032,"(322155.43, 5742203.34, 326893.85, 5744065.07)"
Lette,55276,Coesfeld,5558012,"(369215.28, 5745897.8, 379260.34, 5753906.82)"
Schonebeck,55277,Havixbeck,5558020,"(393884.82, 5754932.15, 398532.26, 5761947.16)"
Bladenhorst,55278,Castrop-Rauxel,5562004,"(379574.14, 5713021.04, 382503.84, 5715686.68)"
Habinghorst,55285,Castrop-Rauxel,5562004,"(380708.26, 5715242.06, 383781.45, 5717628.55)"
Ickern,55286,Castrop-Rauxel,5562004,"(383237.77, 5715317.96, 387207.8, 5718249.71)"
Castrop,55287,Castrop-Rauxel,5562004,"(380895.11, 5710316.37, 384640.12, 5714590.34)"
Rauxel,55290,Castrop-Rauxel,5562004,"(382129.51, 5711092.51, 385572.83, 5715771.4)"
Beckum,55291,Beckum,5570008,"(427699.85, 5728244.95, 440488.86, 5741345.36)"
Oelde,55292,Oelde,5570028,"(436712.05, 5734453.6, 448962.32, 5750213.79)"
Wadersloh,55293,Wadersloh,5570048,"(438949.09, 5723301.43, 453039.16, 5736693.16)"
Kettwig,53150,Essen,5113000,"(354173.04, 5690450.68, 359810.83, 5695128.01)"
Bedburg,54610,Bedburg,5362004,"(327711.62, 5649236.02, 335827.66, 5655455.55)"
Nachrodt-Wiblingwerde,51003,Nachrodt-Wiblingwerde,5962044,"(400831.3, 5681354.76, 407155.53, 5689831.8)"
Altena,51004,Altena,5962004,"(404525.33, 5677188.18, 412172.06, 5686057.71)"
Halver,51005,Halver,5962012,"(389412.02, 5664804.54, 400868.06, 5677571.62)"
Herscheid,51006,Herscheid,5962020,"(408397.13, 5666183.42, 417028.66, 5676165.99)"
Kierspe,51007,Kierspe,5962028,"(396614.79, 5661846.75, 407089.04, 5671985.64)"
Rönsahl,51008,Kierspe,5962028,"(394656.93, 5662040.43, 398718.8, 5666555.15)"
Dahle,51014,Altena,5962004,"(411515.89, 5682497.06, 414109.2, 5685854.46)"
Neuenrade,51015,Neuenrade,5962048,"(411435.07, 5679832.26, 417041.61, 5685901.28)"
Ohle,51016,Plettenberg,5962052,"(413926.96, 5673759.59, 420821.25, 5679286.9)"
Werdohl,51017,Werdohl,5962060,"(408709.48, 5674915.48, 417216.38, 5682713.83)"
Dankelmert,51018,Plettenberg,5962052,"(416224.54, 5667444.12, 426577.67, 5673239.24)"
Eiringhausen,51019,Plettenberg,5962052,"(419893.59, 5673013.12, 426758.52, 5678687.9)"
Holthausen,51020,Plettenberg,5962052,"(415582.27, 5669513.07, 421040.94, 5676445.42)"
Plettenberg,51021,Plettenberg,5962052,"(420082.34, 5671346.41, 424715.06, 5676057.79)"
Allendorf,51022,Sundern (Sauerl.),5958044,"(423504.37, 5677392.83, 428575.86, 5683122.72)"
Amecke,51023,Sundern (Sauerl.),5958044,"(423421.69, 5681657.48, 428471.01, 5687823.48)"
Endorf,51024,Sundern (Sauerl.),5958044,"(430350.77, 5676621.37, 436080.23, 5685044.47)"
Hagen,51025,Sundern (Sauerl.),5958044,"(425340.0, 5676944.99, 432174.66, 5680606.4)"
Stockum,51027,Sundern (Sauerl.),5958044,"(427286.38, 5679393.66, 431556.59, 5687245.54)"
Sundern,51028,Sundern (Sauerl.),5958044,"(428142.12, 5684263.06, 432877.45, 5689585.91)"
Wildewiese,51029,Sundern (Sauerl.),5958044,"(425290.3, 5676292.08, 430763.71, 5677605.96)"
Arnsberg,51030,Arnsberg,5958004,"(432285.7, 5689703.85, 437627.93, 5696755.89)"
Affeln,51031,Neuenrade,5962048,"(417058.38, 5677702.61, 423060.23, 5683011.43)"
Altenaffeln,51032,Neuenrade,5962048,"(420674.79, 5677902.48, 424816.97, 5682849.93)"
Durchholz,51082,Witten,5954036,"(379108.56, 5692387.01, 381837.81, 5695828.17)"
Heven,51084,Witten,5954036,"(380080.51, 5697968.99, 383534.55, 5701994.03)"
Stiepel,51085,Bochum,5911000,"(373803.19, 5696965.42, 379732.62, 5700577.99)"
Ostherbede,51087,Witten,5954036,"(379473.26, 5697611.3, 381873.86, 5699227.24)"
Asbeck,51033,Menden (Sauerl.),5962040,"(420954.9, 5693830.96, 423233.26, 5695617.4)"
Beckum,51035,Balve,5962008,"(421864.52, 5686684.71, 424260.1, 5692165.18)"
Blintrop,51036,Neuenrade,5962048,"(418721.62, 5681188.74, 421924.23, 5684461.86)"
Bochum,51107,Bochum,5911000,"(374476.4, 5703841.38, 378671.43, 5706353.39)"
Mellen,51041,Balve,5962008,"(422075.38, 5685177.82, 425557.63, 5688955.52)"
Volkringhausen,51042,Balve,5962008,"(418702.36, 5689656.07, 422453.92, 5692633.78)"
Altenhellefeld,51043,Sundern (Sauerl.),5958044,"(435587.65, 5683220.84, 439213.72, 5686965.15)"
Munscheid,51155,Bochum,5911000,"(372547.64, 5699993.44, 373342.34, 5700822.98)"
Altastenberg,51204,Winterberg,5958048,"(461003.08, 5670273.32, 463518.58, 5672293.68)"
Linnepe,51049,Sundern (Sauerl.),5958044,"(433005.24, 5683185.77, 437059.41, 5686203.38)"
Antfeld,51163,Olsberg,5958036,"(459534.81, 5690119.51, 464494.94, 5698271.99)"
Meinkenbracht,51050,Sundern (Sauerl.),5958044,"(435238.15, 5679244.3, 437692.54, 5683391.19)"
Rumbeck,51052,Arnsberg,5958004,"(436932.54, 5690374.89, 439513.37, 5695531.74)"
Visbeck,51054,Meschede,5958032,"(437444.55, 5685453.76, 440621.66, 5688337.72)"
Bachum,51056,Arnsberg,5958004,"(424653.44, 5699745.85, 426677.86, 5703004.12)"
Grimlinghausen,51171,Bestwig,5958008,"(460386.28, 5692744.33, 461381.33, 5694141.21)"
Bruchhausen,51057,Arnsberg,5958004,"(430988.25, 5696962.98, 433023.32, 5698371.66)"
Echthausen,51058,Wickede (Ruhr),5974056,"(420826.94, 5703573.08, 425315.68, 5706695.16)"
Enkhausen,51059,Sundern (Sauerl.),5958044,"(427094.97, 5689934.55, 428773.32, 5693614.0)"
Estinghausen,51060,Sundern (Sauerl.),5958044,"(425790.06, 5690645.28, 427691.16, 5693161.13)"
Langscheid,51067,Sundern (Sauerl.),5958044,"(424572.92, 5687033.93, 428639.29, 5690495.07)"
Stemel,51070,Sundern (Sauerl.),5958044,"(428880.83, 5688662.58, 430625.74, 5690585.96)"
Wennigloh,51072,Arnsberg,5958004,"(429767.67, 5690515.11, 433261.2, 5694064.84)"
Hirschberg,51076,Warstein,5974044,"(446611.19, 5695430.71, 451298.7, 5700515.93)"
Mülheim,51077,Warstein,5974044,"(450064.14, 5704111.15, 452987.33, 5706564.08)"
Buchholz,51081,Witten,5954036,"(377979.34, 5693887.23, 379271.52, 5697043.82)"
Bergen,51092,Bochum,5911000,"(377186.56, 5707707.21, 378728.02, 5709432.37)"
Gerthe,51094,Bochum,5911000,"(379997.76, 5706467.28, 383081.25, 5710296.41)"
Grumme,51096,Bochum,5911000,"(375890.09, 5705674.94, 379829.56, 5708107.32)"
Hamme,51097,Bochum,5911000,"(372326.36, 5703632.68, 376044.1, 5707098.21)"
Harpen,51098,Bochum,5911000,"(378280.08, 5704810.12, 381863.87, 5707964.58)"
Hordel,51100,Bochum,5911000,"(371514.97, 5706250.43, 373833.83, 5708008.04)"
Baak,51109,Hattingen,5954016,"(371693.89, 5696517.68, 373831.35, 5698077.45)"
Niederbonsfeld,51115,Hattingen,5954016,"(368906.31, 5693098.02, 372260.21, 5695650.61)"
Niederbredenscheid,51116,Hattingen,5954016,"(371355.62, 5690986.14, 373654.94, 5693916.58)"
Niederwenigern,51119,Hattingen,5954016,"(368903.51, 5694481.06, 371197.72, 5697075.14)"
Oberbredenscheid,51121,Hattingen,5954016,"(373129.4, 5691442.7, 375940.93, 5694026.25)"
Oberelfringhausen,51122,Hattingen,5954016,"(371516.03, 5685866.19, 375070.89, 5689866.12)"
Oberstüter,51123,Hattingen,5954016,"(373229.75, 5687882.49, 376975.73, 5690754.62)"
Welper,51124,Hattingen,5954016,"(373607.16, 5696127.0, 376399.88, 5697951.16)"
Wanne-Eickel,51128,Herne,5916000,"(369895.93, 5707390.19, 375630.25, 5712967.27)"
Herne,51132,Herne,5916000,"(375175.53, 5708838.54, 379054.6, 5712311.37)"
Hiltrop,51133,Bochum,5911000,"(378078.56, 5707071.54, 380477.6, 5709918.06)"
Horsthausen,51135,Herne,5916000,"(376114.41, 5711815.94, 379169.5, 5715049.58)"
Düren,51138,Witten,5954036,"(385115.09, 5702121.18, 386294.64, 5704973.84)"
Silbach,51210,Winterberg,5958048,"(463099.7, 5674277.78, 465344.25, 5676136.58)"
Stockum,51141,Witten,5954036,"(385436.04, 5702094.23, 388141.92, 5704764.78)"
Leithe,51154,Bochum,5911000,"(368210.77, 5703998.23, 369432.74, 5705505.8)"
Assinghausen,51164,Olsberg,5958036,"(464091.05, 5682716.63, 466954.13, 5687391.01)"
Bruchhausen,51166,Olsberg,5958036,"(466199.69, 5679858.46, 470258.48, 5687306.55)"
Brunskappel,51167,Olsberg,5958036,"(462713.63, 5679201.87, 465217.51, 5683343.07)"
Elleringhausen,51168,Olsberg,5958036,"(466959.98, 5685415.97, 469825.19, 5688929.38)"
Rixen,51220,Brilon,5958012,"(464491.31, 5694891.26, 467003.48, 5697310.52)"
Elpe,51169,Olsberg,5958036,"(459728.11, 5678822.53, 462920.16, 5683410.4)"
Eßhoff,51170,Brilon,5958012,"(462515.09, 5694428.32, 463673.41, 5695338.87)"
Schüren,51236,Dortmund,5913000,"(397052.13, 5704694.21, 399073.95, 5707304.34)"
Sölde,51237,Dortmund,5913000,"(400840.2, 5703690.96, 403459.17, 5707298.9)"
Wickede,51238,Dortmund,5913000,"(402415.66, 5707175.51, 405527.29, 5712125.92)"
Dortmund,51239,Dortmund,5913000,"(390520.45, 5705033.86, 397743.18, 5711664.81)"
Barop,51240,Dortmund,5913000,"(389300.64, 5704175.41, 392210.13, 5706338.03)"
Helmeringhausen,51172,Olsberg,5958036,"(462063.13, 5685004.13, 464001.2, 5688856.19)"
Olsberg,51173,Olsberg,5958036,"(463886.99, 5687147.26, 467253.96, 5691464.02)"
Wiemeringhausen,51175,Olsberg,5958036,"(464105.22, 5679565.33, 468101.08, 5683497.3)"
Wulmeringhausen,51176,Olsberg,5958036,"(462523.93, 5682659.13, 464759.33, 5686744.99)"
Liesen,51181,Hallenberg,5958020,"(470273.78, 5664051.91, 474442.26, 5667960.14)"
Züschen,51182,Winterberg,5958048,"(464213.53, 5663762.65, 471482.38, 5668746.39)"
Berge,51183,Medebach,5958028,"(478777.48, 5666456.17, 481664.12, 5669114.88)"
Weickede,51484,Rüthen,5974036,"(456178.88, 5711723.92, 457450.99, 5713753.94)"
Deifeld,51184,Medebach,5958028,"(472874.57, 5674531.23, 477478.2, 5677486.53)"
Dreislar,51185,Medebach,5958028,"(476429.0, 5664581.42, 479810.06, 5667599.07)"
Düdinghausen,51186,Medebach,5958028,"(476751.7, 5677914.23, 481656.36, 5680661.29)"
Oberschledorn,51190,Medebach,5958028,"(477899.7, 5675101.53, 481513.34, 5678944.01)"
Referinghausen,51191,Medebach,5958028,"(476551.88, 5675101.53, 479181.16, 5679046.76)"
Titmaringhausen,51192,Medebach,5958028,"(472718.1, 5676459.45, 477550.96, 5679664.22)"
Beringhausen,51193,Marsberg,5958024,"(479647.6, 5693994.26, 483697.77, 5696620.06)"
Borntosten,51194,Marsberg,5958024,"(488624.9, 5691763.07, 491754.88, 5694126.81)"
Bönninghausen,51488,Geseke,5974020,"(462817.14, 5722240.85, 464288.93, 5724205.55)"
Erlinghausen,51195,Marsberg,5958024,"(490862.44, 5696389.34, 494552.91, 5701170.6)"
Heddinghausen,51197,Marsberg,5958024,"(491361.63, 5693209.19, 494000.99, 5696811.99)"
Helminghausen,51198,Marsberg,5958024,"(479146.54, 5691234.45, 482814.43, 5693541.19)"
Canstein,51199,Marsberg,5958024,"(492623.42, 5692998.36, 496052.06, 5695868.38)"
Olpe-Stadt,51567,Olpe,5966024,"(416767.83, 5651053.42, 422167.08, 5656288.35)"
Leitmar,51200,Marsberg,5958024,"(489010.02, 5693019.51, 492386.37, 5696378.48)"
Udorf,51203,Marsberg,5958024,"(493219.71, 5695252.22, 496635.81, 5697783.8)"
Radlinghausen,51219,Brilon,5958012,"(476242.74, 5696729.35, 478412.33, 5698980.0)"
Wülfte,51224,Brilon,5958012,"(470532.98, 5696724.15, 472566.43, 5698891.47)"
Elkeringhausen,51205,Winterberg,5958048,"(469128.22, 5671032.98, 472018.42, 5674098.6)"
Aplerbeck,51226,Dortmund,5913000,"(398347.96, 5702933.71, 401838.88, 5707659.65)"
Grönebach,51206,Winterberg,5958048,"(467011.96, 5673770.81, 472014.27, 5677587.31)"
Hildfeld,51207,Winterberg,5958048,"(468870.0, 5675655.76, 471781.25, 5678597.16)"
Lenneplätze,51208,Winterberg,5958048,"(462799.12, 5667958.78, 464257.14, 5669373.04)"
Niedersfeld,51209,Winterberg,5958048,"(465219.12, 5675785.86, 470940.36, 5680734.2)"
Bontkirchen,51212,Brilon,5958012,"(474638.7, 5687664.69, 477924.67, 5691069.12)"
Hoppecke,51213,Brilon,5958012,"(473426.24, 5689245.31, 477237.57, 5692959.93)"
Messinghausen,51215,Brilon,5958012,"(475648.81, 5690963.76, 480193.36, 5695013.43)"
Nehden,51216,Brilon,5958012,"(472884.28, 5696609.33, 476459.16, 5700117.84)"
Rösenbeck,51221,Brilon,5958012,"(475585.8, 5693988.77, 481297.35, 5697686.59)"
Scharfenberg,51222,Brilon,5958012,"(464156.52, 5695442.21, 469264.02, 5700007.33)"
Thülen,51223,Brilon,5958012,"(473221.1, 5694130.13, 477524.48, 5697807.82)"
Asseln,51227,Dortmund,5913000,"(400639.67, 5707021.12, 403147.72, 5711263.68)"
Berghofen,51228,Dortmund,5913000,"(396842.12, 5701922.93, 399384.44, 5705198.02)"
Kurl,51229,Dortmund,5913000,"(400365.29, 5710334.86, 402590.2, 5713545.28)"
Grevel,51230,Dortmund,5913000,"(398558.04, 5710773.34, 400985.98, 5714292.99)"
Husen,51233,Dortmund,5913000,"(401969.09, 5711136.8, 403422.83, 5713971.98)"
Lanstrop,51234,Dortmund,5913000,"(398557.15, 5712903.93, 402797.92, 5716056.25)"
Opherdicke,51235,Holzwickede,5978016,"(404972.53, 5703437.0, 407659.12, 5706830.3)"
Wambel,51245,Dortmund,5913000,"(396334.31, 5707155.39, 398340.95, 5710226.97)"
Wellinghofen,51246,Dortmund,5913000,"(394544.27, 5702070.62, 395999.7, 5703794.52)"
Deusen,51254,Dortmund,5913000,"(390417.74, 5710371.55, 391591.36, 5712464.56)"
Ellinghausen,51256,Dortmund,5913000,"(389784.94, 5712320.87, 391590.87, 5714915.09)"
Sodingen,51258,Herne,5916000,"(377629.32, 5709527.34, 380367.34, 5712278.75)"
Sönnern,51389,Werl,5974052,"(422610.83, 5713955.79, 425087.96, 5716652.62)"
Groppenbruch,51259,Dortmund,5913000,"(388607.34, 5715159.99, 390986.3, 5717740.59)"
Holthausen,51261,Herne,5916000,"(379480.19, 5709547.93, 381864.92, 5713055.04)"
Mengede,51264,Dortmund,5913000,"(386293.66, 5713251.91, 389468.12, 5716774.41)"
Nette,51266,Dortmund,5913000,"(387730.87, 5710862.89, 390452.59, 5714367.91)"
Schwieringhausen,51270,Dortmund,5913000,"(388931.6, 5714025.84, 391691.42, 5716074.64)"
Beckinghausen,51272,Lünen,5978024,"(399349.24, 5718458.02, 401845.2, 5720819.99)"
Heeren-Werve,51398,Kamen,5978020,"(408477.51, 5713325.84, 413413.23, 5716303.34)"
Hemmerde,51399,Unna,5978036,"(416383.13, 5707569.38, 419776.19, 5714826.28)"
Lünern,51400,Unna,5978036,"(412580.84, 5708108.57, 415022.01, 5713590.43)"
Derne,51275,Dortmund,5913000,"(395127.83, 5713379.87, 398642.18, 5716099.48)"
Eving,51276,Dortmund,5913000,"(392529.27, 5710680.58, 395902.52, 5714195.62)"
Gahmen,51277,Lünen,5978024,"(395934.64, 5716000.21, 398109.17, 5718344.54)"
Horstmar,51278,Lünen,5978024,"(397902.33, 5715378.26, 400818.92, 5719161.06)"
Hostedde,51279,Dortmund,5913000,"(397951.96, 5712564.35, 399318.7, 5715305.31)"
Lindenhorst,51281,Dortmund,5913000,"(391407.52, 5711239.41, 393010.7, 5713654.64)"
Lippholthausen,51282,Lünen,5978024,"(393272.97, 5718269.14, 395961.62, 5720607.45)"
Bövinghausen,51285,Dortmund,5913000,"(382230.45, 5707998.04, 384891.16, 5709432.19)"
Dellwig,51286,Dortmund,5913000,"(383705.61, 5707240.4, 386394.33, 5708393.64)"
Eichlinghofen,51288,Dortmund,5913000,"(387751.53, 5703645.06, 389927.93, 5706105.35)"
Kirchlinde,51290,Dortmund,5913000,"(385787.41, 5707924.44, 388184.52, 5710613.95)"
Lütgendortmund,51292,Dortmund,5913000,"(383089.94, 5705531.66, 386477.73, 5708384.1)"
Marten,51293,Dortmund,5913000,"(386261.8, 5706593.17, 389107.53, 5708769.39)"
Oespel,51294,Dortmund,5913000,"(386717.86, 5704067.15, 389080.46, 5707013.32)"
Rahm,51295,Dortmund,5913000,"(387464.67, 5708391.89, 388897.76, 5711281.77)"
Westrich,51297,Dortmund,5913000,"(384463.22, 5707988.24, 386205.83, 5709428.63)"
Garenfeld,51299,Hagen,5914000,"(395169.3, 5693946.81, 398130.52, 5697438.19)"
Geisecke,51300,Schwerte,5978028,"(401434.05, 5699324.76, 405141.9, 5702455.1)"
Holzen,51301,Dortmund,5913000,"(395156.54, 5699142.51, 399449.21, 5702098.29)"
Lichtendorf,51302,Dortmund,5913000,"(400983.06, 5702414.87, 403084.85, 5703997.21)"
Syburg,51303,Dortmund,5913000,"(393176.69, 5697133.63, 397275.01, 5700276.38)"
Villigst,51304,Schwerte,5978028,"(400683.93, 5697398.27, 404764.39, 5700438.46)"
Wandhofen,51305,Schwerte,5978028,"(398392.88, 5697304.28, 401078.26, 5699623.81)"
Westhofen,51306,Schwerte,5978028,"(396042.02, 5696006.15, 399017.18, 5699432.46)"
Breckerfeld,51307,Breckerfeld,5954004,"(385818.11, 5674685.18, 396823.42, 5686388.3)"
Dahl,51308,Hagen,5914000,"(393964.95, 5680317.29, 401426.31, 5687980.83)"
Gevelsberg,51310,Gevelsberg,5954012,"(381379.7, 5684897.56, 388217.22, 5688905.9)"
Haspe,51313,Hagen,5914000,"(388452.34, 5683235.13, 392032.26, 5692027.01)"
Ennepetal,51314,Ennepetal,5954008,"(381102.34, 5677672.26, 390714.95, 5687995.94)"
Vorhalle,51315,Hagen,5914000,"(387941.05, 5691395.54, 392399.24, 5695672.4)"
Westerbauer,51317,Hagen,5914000,"(386880.75, 5687250.57, 390135.66, 5691652.74)"
Herbeck,51325,Hagen,5914000,"(396610.38, 5690387.61, 398911.77, 5693828.48)"
Haßlinghausen,51330,Sprockhövel,5954028,"(377444.96, 5685024.31, 382748.91, 5689721.44)"
Hiddinghausen,51331,Sprockhövel,5954028,"(379741.39, 5689223.61, 382640.57, 5693362.94)"
Linderhausen,51332,Schwelm,5954024,"(378696.74, 5683777.27, 382124.02, 5686436.88)"
Wetter,51334,Wetter (Ruhr),5954032,"(387241.15, 5692628.6, 389201.64, 5695742.14)"
Asbeck,51343,Gevelsberg,5954012,"(381761.57, 5687824.19, 384441.17, 5690164.44)"
Bommern,51345,Witten,5954036,"(381947.56, 5695911.54, 385393.13, 5699308.56)"
Esborn,51346,Wetter (Ruhr),5954032,"(381334.95, 5691230.93, 385610.12, 5694978.29)"
Grundschöttel,51347,Wetter (Ruhr),5954032,"(384328.44, 5689620.38, 388322.29, 5693038.45)"
Silschede,51348,Gevelsberg,5954012,"(382317.78, 5688769.96, 385252.59, 5691904.58)"
Volmarstein,51349,Wetter (Ruhr),5954032,"(385938.64, 5691716.64, 388487.79, 5694705.64)"
Bausenhagen,51352,Fröndenberg/Ruhr,5978012,"(414598.35, 5705497.48, 418211.47, 5707629.14)"
Dellwig,51353,Fröndenberg/Ruhr,5978012,"(408371.89, 5702950.95, 410106.16, 5705816.23)"
Frömern,51354,Fröndenberg/Ruhr,5978012,"(411476.54, 5705481.52, 414764.81, 5708134.82)"
Hamm,51356,Hamm,5915000,"(413518.02, 5723885.73, 422281.31, 5729106.62)"
Bönen,51357,Bönen,5978008,"(410781.92, 5715650.52, 415761.86, 5719863.38)"
Bergkamen,51358,Bergkamen,5978004,"(404991.85, 5717132.95, 407250.94, 5721948.22)"
Derne,51360,Kamen,5978020,"(408889.7, 5716049.58, 411307.0, 5717526.04)"
Lerche,51363,Hamm,5915000,"(409015.56, 5718624.33, 411598.74, 5721998.87)"
Osterbönen,51365,Bönen,5978008,"(415656.49, 5717032.73, 418068.69, 5719669.34)"
Overberge,51366,Bergkamen,5978004,"(406467.05, 5717813.94, 409335.45, 5721977.27)"
Rottum,51368,Kamen,5978020,"(409185.41, 5717424.11, 411115.65, 5719030.0)"
Sandbochum,51370,Hamm,5915000,"(408326.33, 5721822.56, 411181.93, 5725256.47)"
Weetfeld,51371,Hamm,5915000,"(414456.82, 5719235.2, 418190.01, 5721355.83)"
Wiescherhöfen,51373,Hamm,5915000,"(414024.38, 5721796.7, 417705.98, 5724487.46)"
Allen,51374,Hamm,5915000,"(420328.59, 5716411.02, 423744.54, 5720823.35)"
Freiske,51378,Hamm,5915000,"(417666.38, 5717889.11, 419704.62, 5720833.2)"
Böckum,51447,Erwitte,5974016,"(446688.54, 5719248.21, 449357.02, 5721795.24)"
Frielinghausen,51379,Hamm,5915000,"(426013.14, 5722866.93, 427775.22, 5725829.17)"
Haaren,51380,Hamm,5915000,"(423825.9, 5726575.13, 426718.41, 5728940.69)"
Hilbeck,51381,Werl,5974052,"(418727.05, 5712353.37, 423257.8, 5716591.92)"
Norddinker,51384,Hamm,5915000,"(424623.74, 5721302.34, 427339.7, 5725363.15)"
Osterflierich,51385,Hamm,5915000,"(417659.55, 5714740.98, 421583.08, 5719412.31)"
Osttünnen,51386,Hamm,5915000,"(421231.42, 5720544.11, 424888.31, 5723290.39)"
Rhynern,51387,Hamm,5915000,"(418646.77, 5719093.82, 422340.88, 5722240.11)"
Schmehausen,51388,Hamm,5915000,"(427179.38, 5724984.95, 430674.25, 5727460.36)"
Uentrop,51391,Hamm,5915000,"(423954.58, 5724879.96, 428254.15, 5728439.27)"
Vöckinghausen,51392,Hamm,5915000,"(423520.49, 5722287.6, 425638.56, 5724159.71)"
Wambeln,51393,Hamm,5915000,"(422885.08, 5716436.07, 425192.98, 5719662.24)"
Werries,51394,Hamm,5915000,"(422134.04, 5726427.66, 424796.46, 5728844.09)"
Afferde,51397,Unna,5978036,"(405278.39, 5711801.06, 408549.87, 5714165.34)"
Methler,51401,Kamen,5978020,"(402316.11, 5713572.69, 405032.23, 5716884.53)"
Niederaden,51403,Lünen,5978024,"(400092.22, 5715405.48, 402508.07, 5717816.64)"
Siddinghausen,51407,Unna,5978036,"(415258.7, 5707490.32, 417217.54, 5710523.18)"
Stockum,51408,Unna,5978036,"(414363.72, 5709241.91, 415739.86, 5713396.04)"
Südkamen,51409,Kamen,5978020,"(405464.64, 5713560.42, 408231.21, 5715763.51)"
Wasserkurl,51411,Kamen,5978020,"(403141.84, 5711739.14, 405707.22, 5714036.05)"
Westhemmerde,51414,Unna,5978036,"(415239.2, 5710466.85, 417089.31, 5713841.89)"
Westick,51415,Kamen,5978020,"(403343.82, 5713440.4, 406108.92, 5716063.73)"
Berchum,51416,Hagen,5914000,"(397181.66, 5692692.68, 401678.88, 5695214.52)"
Deilinghofen,51420,Hemer,5962016,"(415148.61, 5689195.97, 420204.29, 5695162.19)"
Evingsen,51421,Altena,5962004,"(410017.34, 5683569.21, 412804.91, 5685916.97)"
Lössel,51425,Iserlohn,5962024,"(405306.82, 5687556.38, 408133.56, 5691426.27)"
Hemer,51426,Hemer,5962016,"(411125.05, 5688765.91, 417021.26, 5696987.22)"
Iserlohn,51429,Iserlohn,5962024,"(405912.89, 5687496.25, 412677.36, 5696325.21)"
Letmathe,51431,Iserlohn,5962024,"(401460.49, 5688119.59, 404699.92, 5694791.79)"
Hohenlimburg,51432,Hagen,5914000,"(398019.45, 5685969.85, 402421.36, 5694134.21)"
Oestrich,51433,Iserlohn,5962024,"(403097.9, 5687770.53, 407426.8, 5695958.52)"
Lendringsen,51434,Menden (Sauerl.),5962040,"(417137.92, 5693740.91, 423220.73, 5699099.33)"
Halingen,51435,Menden (Sauerl.),5962040,"(409077.1, 5699369.41, 413312.39, 5703360.53)"
Bösperde,51436,Menden (Sauerl.),5962040,"(411878.11, 5698985.46, 414913.03, 5703118.35)"
Oesbern,51437,Menden (Sauerl.),5962040,"(418607.98, 5697461.7, 422573.4, 5702883.9)"
Altengeseke,51442,Anröchte,5974004,"(446215.6, 5708988.63, 449677.38, 5714643.46)"
Altenmellrich,51443,Anröchte,5974004,"(447140.72, 5707061.57, 451106.6, 5710714.69)"
Berenbrock,51445,Erwitte,5974016,"(449515.79, 5716270.75, 451688.74, 5719174.05)"
Berge,51446,Anröchte,5974004,"(455205.55, 5711034.81, 457462.43, 5715956.5)"
Ebbinghausen,51448,Erwitte,5974016,"(448318.6, 5717551.08, 450466.64, 5719680.24)"
Hemmern,51473,Rüthen,5974036,"(461546.07, 5707417.18, 464532.91, 5709849.02)"
Horn,51449,Erwitte,5974016,"(446919.14, 5717152.42, 448976.74, 5719989.0)"
Klieve,51450,Anröchte,5974004,"(449032.71, 5712749.22, 451656.84, 5714994.31)"
Buchholz,52713,Petershagen,5770028,"(499388.61, 5810007.28, 501576.01, 5813338.06)"
Mellrich,51451,Anröchte,5974004,"(449220.27, 5708309.88, 452871.83, 5711553.01)"
Merklinghausen,51452,Erwitte,5974016,"(445109.24, 5716697.1, 447391.78, 5720002.51)"
Hävern,52739,Petershagen,5770028,"(499064.69, 5807528.33, 501971.51, 5810000.05)"
Norddorf,51453,Erwitte,5974016,"(448902.95, 5719008.61, 450995.05, 5721525.46)"
Kellinghausen,51476,Rüthen,5974036,"(460266.67, 5707467.17, 462493.41, 5711395.82)"
Robringhausen,51454,Anröchte,5974004,"(448683.54, 5710562.41, 450723.29, 5713229.26)"
Schallern,51455,Erwitte,5974016,"(444598.1, 5715522.74, 446851.29, 5717963.7)"
Schlüsselburg,52799,Petershagen,5770028,"(502623.38, 5813074.88, 505684.22, 5816692.4)"
Schnathorst,52800,Hüllhorst,5770016,"(479207.13, 5789898.94, 482757.24, 5793192.22)"
Schmerlecke,51456,Erwitte,5974016,"(446705.3, 5714431.34, 450246.39, 5717827.38)"
Seringhausen,51457,Erwitte,5974016,"(445871.18, 5713609.12, 447983.93, 5716022.44)"
Uelde,51458,Anröchte,5974004,"(450850.27, 5706442.06, 454103.68, 5709273.99)"
Waltringhausen,51459,Anröchte,5974004,"(449710.89, 5710894.84, 451832.51, 5713227.35)"
Hellinghausen,51463,Lippstadt,5974028,"(449690.25, 5722761.23, 452317.29, 5725253.25)"
Stirpe,51464,Erwitte,5974016,"(450607.44, 5717644.19, 453018.97, 5721511.5)"
Völlinghausen,51465,Erwitte,5974016,"(449890.48, 5714342.38, 453859.68, 5717791.53)"
Weckinghausen,51466,Erwitte,5974016,"(451724.6, 5720101.64, 453901.53, 5722100.3)"
Altenrüthen,51470,Rüthen,5974036,"(456848.34, 5703047.26, 459549.23, 5707394.65)"
Drewer,51471,Rüthen,5974036,"(454909.22, 5702810.18, 457748.89, 5707366.38)"
Effeln,51472,Anröchte,5974004,"(453829.72, 5706830.46, 457264.3, 5711091.33)"
Hoinkhausen,51474,Rüthen,5974036,"(457192.19, 5710573.4, 459758.34, 5714579.01)"
Langenstraße,51478,Rüthen,5974036,"(461853.25, 5708857.99, 464526.98, 5714503.61)"
Menzel,51479,Rüthen,5974036,"(455776.36, 5706976.1, 461067.05, 5711282.7)"
Meiste,51480,Rüthen,5974036,"(462834.68, 5705579.04, 466319.22, 5709272.0)"
Nettelstädt,51481,Rüthen,5974036,"(455507.72, 5709846.89, 458828.98, 5712246.79)"
Oestereiden,51482,Rüthen,5974036,"(459292.49, 5709970.45, 463089.85, 5716585.86)"
Westereiden,51485,Rüthen,5974036,"(457240.89, 5712595.11, 460613.41, 5716585.86)"
Dedinghausen,51489,Lippstadt,5974028,"(456993.62, 5723169.02, 460178.53, 5725912.39)"
Ehringhausen,51490,Geseke,5974020,"(459877.06, 5721932.25, 463077.69, 5724361.62)"
Esbeck,51491,Lippstadt,5974028,"(456621.65, 5725146.53, 459422.72, 5726832.31)"
Mönninghausen,51493,Geseke,5974020,"(460857.04, 5723647.34, 464301.82, 5726534.73)"
Rixbeck,51494,Lippstadt,5974028,"(456220.27, 5722986.35, 457841.81, 5725159.1)"
Cobbenrode,51496,Eslohe (Sauerl.),5958016,"(437741.61, 5669449.22, 442287.9, 5673817.67)"
Eslohe,51497,Eslohe (Sauerl.),5958016,"(439514.38, 5675414.32, 445112.45, 5680815.73)"
Isingheim,51498,Eslohe (Sauerl.),5958016,"(440139.51, 5673399.83, 445943.81, 5678058.82)"
Reiste,51499,Eslohe (Sauerl.),5958016,"(443095.06, 5676141.86, 450923.06, 5683185.68)"
Salwey,51500,Eslohe (Sauerl.),5958016,"(434782.13, 5672742.27, 441075.02, 5680806.97)"
Wenholthausen,51501,Eslohe (Sauerl.),5958016,"(439843.86, 5679463.83, 445788.36, 5685345.36)"
Heringhausen,51504,Bestwig,5958008,"(457470.67, 5685430.73, 460029.01, 5689335.72)"
Bödefeld-Freiheit,51508,Schmallenberg,5958040,"(456862.7, 5672922.89, 461129.11, 5679562.63)"
Brabecke,51509,Schmallenberg,5958040,"(454632.96, 5676105.5, 458515.34, 5682090.06)"
Gellinghausen,51512,Schmallenberg,5958040,"(454340.95, 5672643.95, 457258.7, 5677897.33)"
Drasenbeck,51517,Meschede,5958032,"(451089.42, 5677901.55, 455935.63, 5683653.64)"
Löllinghausen,51519,Meschede,5958032,"(452042.29, 5681460.19, 456360.58, 5686991.24)"
Meschede-Land,51520,Meschede,5958032,"(446183.03, 5684070.21, 455291.36, 5695125.25)"
Remblinghausen,51522,Meschede,5958032,"(449577.7, 5681017.37, 452701.06, 5686082.24)"
Landenbeck,51527,Eslohe (Sauerl.),5958016,"(441903.71, 5670962.53, 444219.18, 5673798.94)"
Werpe,51533,Schmallenberg,5958040,"(444794.08, 5665676.04, 448927.18, 5668249.57)"
Oedingen,51538,Lennestadt,5966020,"(436060.29, 5667213.42, 440672.61, 5671980.39)"
Schliprüthen,51539,Finnentrop,5966012,"(433025.48, 5672291.37, 438679.95, 5677872.41)"
Schönholthausen,51540,Finnentrop,5966012,"(427872.53, 5667289.34, 434211.36, 5676731.73)"
Benolpe,51550,Drolshagen,5966008,"(410666.99, 5651315.31, 412985.49, 5653114.09)"
Kohlhagen,51557,Kirchhundem,5966016,"(431365.25, 5650810.38, 437936.13, 5657270.58)"
Lenne,51560,Schmallenberg,5958040,"(443295.82, 5662251.13, 447547.42, 5666678.41)"
Oberhundem,51561,Kirchhundem,5966016,"(439289.74, 5654556.48, 447205.16, 5661481.42)"
Saalhausen,51562,Lennestadt,5966020,"(438724.35, 5661980.4, 443908.72, 5666623.66)"
Gilsbach,51574,Burbach,5970008,"(434282.06, 5623408.38, 437952.86, 5627660.64)"
Lippe,51576,Burbach,5970008,"(432078.08, 5616348.14, 436317.02, 5620605.31)"
Lützeln,51577,Burbach,5970008,"(434952.35, 5617883.28, 437661.55, 5620218.61)"
Oberdresselndorf,51580,Burbach,5970008,"(435789.79, 5615188.33, 439770.97, 5618762.02)"
Salchendorf b. Neunkirchen,51581,Neunkirchen,5970036,"(428637.54, 5626883.23, 433045.7, 5630276.7)"
Altenseelbach,51582,Neunkirchen,5970036,"(428059.21, 5622330.25, 430788.11, 5626392.97)"
Struthütten,51583,Neunkirchen,5970036,"(426977.49, 5624132.99, 428618.47, 5628572.17)"
Wilden,51586,Wilnsdorf,5970044,"(432646.14, 5626759.89, 436920.09, 5630039.56)"
Würgendorf,51587,Burbach,5970008,"(436139.19, 5621666.42, 440265.04, 5627098.57)"
Buchen,51590,Siegen,5970040,"(426986.48, 5642810.79, 428854.51, 5644262.51)"
Niederheuslingen,51616,Freudenberg,5970016,"(422815.83, 5637132.13, 424283.71, 5638566.76)"
Burgholdinghausen,51591,Kreuztal,5970024,"(426324.98, 5650308.72, 432485.81, 5655005.91)"
Krombach,51593,Kreuztal,5970024,"(425125.19, 5648108.94, 427749.8, 5652089.02)"
Fellinghausen,51597,Kreuztal,5970024,"(426714.88, 5644018.14, 428888.76, 5647024.78)"
Ferndorf,51598,Kreuztal,5970024,"(429631.05, 5644844.49, 432113.61, 5649516.59)"
Kredenbach,51599,Kreuztal,5970024,"(431344.31, 5644660.02, 434771.89, 5648551.67)"
Osthelden,51601,Kreuztal,5970024,"(424328.04, 5643561.84, 427652.67, 5647123.94)"
Alchen,51603,Freudenberg,5970016,"(424153.99, 5638045.64, 426922.3, 5640684.93)"
Bühl,51605,Freudenberg,5970016,"(423147.51, 5640301.29, 425048.55, 5642595.13)"
Lüttringen,51728,Ense,5974012,"(426074.33, 5703346.78, 427475.16, 5705535.0)"
Büschergrund,51606,Freudenberg,5970016,"(419173.08, 5639641.19, 423586.55, 5642577.26)"
Dirlenbach,51607,Freudenberg,5970016,"(420459.52, 5635995.44, 422750.39, 5637789.32)"
Heisberg,51609,Freudenberg,5970016,"(423748.48, 5636255.22, 425430.27, 5638083.28)"
Hohenhain,51610,Freudenberg,5970016,"(418298.46, 5640423.12, 419441.08, 5641234.39)"
Langenholdinghausen,51611,Siegen,5970040,"(425597.04, 5639844.07, 428762.67, 5643004.63)"
Lindenberg,51612,Freudenberg,5970016,"(423156.78, 5637536.12, 425816.73, 5640742.42)"
Mausbach,51613,Freudenberg,5970016,"(417892.84, 5638911.63, 418829.84, 5640391.46)"
Bergede,51742,Soest,5974040,"(441230.71, 5708707.49, 442856.93, 5710022.08)"
Meiswinkel,51614,Siegen,5970040,"(424227.03, 5642149.06, 427335.44, 5643927.64)"
Hees,51615,Kreuztal,5970024,"(424108.73, 5643206.77, 427040.6, 5645462.93)"
Niederholzklau,51617,Freudenberg,5970016,"(424910.98, 5640168.93, 426804.08, 5641856.18)"
Oberheuslingen,51620,Freudenberg,5970016,"(421916.56, 5637751.07, 424816.05, 5639721.38)"
Oberholzklau,51622,Freudenberg,5970016,"(424112.21, 5641127.48, 426006.92, 5643102.89)"
Birlenbach,51673,Siegen,5970040,"(428097.72, 5638867.97, 429759.39, 5640216.45)"
Oberschelden,51623,Siegen,5970040,"(424319.85, 5633115.93, 427151.64, 5636999.61)"
Plittershagen,51624,Freudenberg,5970016,"(417475.77, 5636759.8, 420429.22, 5638670.12)"
Allenbach,51625,Hilchenbach,5970020,"(433972.12, 5646920.49, 438033.52, 5650911.99)"
Dahlbruch,51626,Hilchenbach,5970020,"(432801.54, 5646268.32, 435650.18, 5649546.49)"
Grund,51627,Hilchenbach,5970020,"(437337.65, 5646252.38, 441844.32, 5648276.28)"
Hadem,51629,Hilchenbach,5970020,"(437934.04, 5649851.35, 439696.63, 5652029.93)"
Müsen,51633,Hilchenbach,5970020,"(430595.59, 5647610.83, 434483.63, 5651509.08)"
Oberndorf,51634,Hilchenbach,5970020,"(439604.89, 5649906.91, 444862.0, 5652378.87)"
Oechelhausen,51635,Hilchenbach,5970020,"(437920.76, 5643847.73, 440722.69, 5646501.64)"
Ruckersfeld,51636,Hilchenbach,5970020,"(436444.94, 5644556.75, 438583.24, 5647247.16)"
Anzhausen,51640,Wilnsdorf,5970044,"(437179.22, 5632742.28, 440101.2, 5636583.42)"
Beienbach,51641,Netphen,5970032,"(438386.45, 5638110.69, 440904.63, 5640271.48)"
Bilme,51711,Ense,5974012,"(431001.14, 5707016.03, 432540.51, 5708771.09)"
Breitenbach,51643,Siegen,5970040,"(434882.47, 5636801.69, 437569.41, 5639167.16)"
Lendringsen,51750,Soest,5974040,"(438775.32, 5708569.72, 440493.04, 5710368.42)"
Deuz,51644,Netphen,5970032,"(437200.76, 5636088.75, 440997.83, 5639213.99)"
Dreistiefenbach,51645,Netphen,5970032,"(431987.41, 5638708.42, 435603.72, 5642428.71)"
Eckmannshausen,51646,Netphen,5970032,"(433660.13, 5641198.67, 435621.11, 5643259.51)"
Kessel,53032,Goch,5154016,"(295797.2, 5730565.65, 299908.69, 5733098.96)"
Eschenbach,51647,Netphen,5970032,"(437381.15, 5641407.66, 439992.0, 5644513.22)"
Klein Kevelaer,53170,Kevelaer,5154032,"(307116.72, 5713777.03, 308851.72, 5715561.72)"
Feuersbach,51648,Siegen,5970040,"(435310.53, 5635313.54, 438645.17, 5638196.71)"
Flammersbach,51649,Wilnsdorf,5970044,"(435856.91, 5633823.87, 438784.4, 5636084.16)"
Frohnhausen,51650,Netphen,5970032,"(436007.68, 5641977.2, 437833.43, 5645637.63)"
Gernsdorf,51651,Wilnsdorf,5970044,"(439839.21, 5631146.58, 443767.59, 5634139.83)"
Grissenbach,51652,Netphen,5970032,"(440382.71, 5636497.03, 443136.44, 5639410.69)"
Helgersdorf,51654,Netphen,5970032,"(441461.08, 5633576.98, 443504.63, 5636246.73)"
Herzhausen,51655,Netphen,5970032,"(434532.93, 5643139.51, 436794.04, 5647209.43)"
Irmgarteichen,51656,Netphen,5970032,"(442270.37, 5631775.32, 444618.37, 5634759.82)"
Niedersetzen,51660,Siegen,5970040,"(430783.68, 5641032.57, 433377.33, 5642653.15)"
Obernau,51661,Netphen,5970032,"(439780.58, 5640694.52, 443605.92, 5643468.67)"
Obersetzen,51663,Siegen,5970040,"(431025.51, 5641845.18, 433819.5, 5644859.69)"
Ramershoven,54150,Rheinbach,5382048,"(353612.37, 5611406.8, 356748.2, 5614119.29)"
Oelgershausen,51664,Netphen,5970032,"(435078.85, 5641375.44, 436421.53, 5643677.41)"
Rudersdorf,51665,Wilnsdorf,5970044,"(437814.29, 5630675.1, 442836.67, 5633806.92)"
Salchendorf b. Netphen,51666,Netphen,5970032,"(439473.67, 5633879.6, 443409.07, 5636855.95)"
Sohlbach b. Netphen,51667,Netphen,5970032,"(440281.08, 5642957.64, 443546.28, 5645213.89)"
Unglinghausen,51668,Netphen,5970032,"(432686.97, 5642720.81, 435039.1, 5646192.64)"
Walpersdorf,51669,Netphen,5970032,"(442896.96, 5637726.97, 447539.94, 5641265.37)"
Bürbach,51674,Siegen,5970040,"(432810.49, 5636919.19, 434983.74, 5639005.35)"
Kaan-Marienborn,51676,Siegen,5970040,"(432557.27, 5634536.42, 435923.64, 5637199.01)"
Geisweid,51677,Siegen,5970040,"(428221.74, 5639195.05, 431978.7, 5642462.71)"
Gosenbach,51679,Siegen,5970040,"(425550.64, 5633569.53, 428345.34, 5635471.71)"
Seelbach,51682,Siegen,5970040,"(425284.73, 5636282.14, 428297.57, 5638820.78)"
Sohlbach b. Siegen,51683,Siegen,5970040,"(428338.56, 5641839.77, 430275.05, 5644104.03)"
Trupbach,51684,Siegen,5970040,"(426477.98, 5636922.62, 429370.7, 5640119.34)"
Volnsberg,51685,Siegen,5970040,"(434299.77, 5636162.59, 436111.73, 5638792.5)"
Eisern,51687,Siegen,5970040,"(430950.61, 5629706.86, 433312.19, 5633172.18)"
Oberdielfen,51689,Wilnsdorf,5970044,"(435087.76, 5630868.89, 437856.63, 5633574.11)"
Obersdorf,51690,Wilnsdorf,5970044,"(433048.33, 5630814.03, 436130.92, 5633376.19)"
Rinsdorf,51691,Wilnsdorf,5970044,"(432844.08, 5629559.8, 436225.87, 5631520.58)"
Wilgersdorf,51692,Wilnsdorf,5970044,"(438051.61, 5627464.02, 442450.18, 5631615.8)"
Balksen,51694,Welver,5974048,"(434987.4, 5718891.31, 437041.72, 5721121.05)"
Berwicke,51695,Welver,5974048,"(430800.4, 5718103.04, 434790.74, 5720887.28)"
Blumroth,51696,Welver,5974048,"(434571.87, 5717173.73, 436238.64, 5719789.9)"
Tintrup,52200,Blomberg,5766016,"(503142.16, 5750430.21, 505710.11, 5752500.88)"
Borgeln,51697,Welver,5974048,"(430911.13, 5715906.96, 434877.61, 5718979.1)"
Dinker,51699,Welver,5974048,"(426951.63, 5721176.28, 429979.99, 5723595.03)"
Eilmsen,51700,Welver,5974048,"(427481.9, 5723099.58, 429422.01, 5725488.75)"
Bittingen,51712,Ense,5974012,"(431057.19, 5705472.52, 433002.17, 5707748.33)"
Hattropholsen,51701,Soest,5974040,"(433521.7, 5715540.3, 436199.6, 5717311.73)"
Katrop,51702,Soest,5974040,"(435753.54, 5716395.2, 438419.18, 5719326.64)"
Blumenthal,51713,Werl,5974052,"(425254.39, 5707986.9, 426761.28, 5709900.34)"
Meckingsen,51703,Soest,5974040,"(435152.77, 5715979.6, 436792.07, 5717983.74)"
Brüllingsen,51715,Möhnesee,5974032,"(444905.03, 5707165.11, 447029.74, 5708859.64)"
Nateln,51704,Welver,5974048,"(429574.09, 5720345.9, 433643.95, 5723143.76)"
Stocklarn,51705,Welver,5974048,"(433533.52, 5718789.43, 435403.7, 5720955.98)"
Großenbreden,52351,Marienmünster,5762024,"(515950.0, 5741560.92, 518324.43, 5742986.69)"
Thöningsen,51706,Soest,5974040,"(436301.43, 5716845.61, 441094.43, 5719990.12)"
Vellinghausen,51707,Welver,5974048,"(429243.99, 5722660.21, 431649.31, 5725286.72)"
Hagedorn,52354,Steinheim,5762032,"(509953.32, 5744806.46, 512186.04, 5745981.86)"
Weslarn,51709,Bad Sassendorf,5974008,"(440315.73, 5717408.43, 443283.51, 5721141.61)"
Berlingsen,51710,Möhnesee,5974032,"(438754.0, 5706258.43, 441807.74, 5708935.52)"
Bremen,51714,Ense,5974012,"(426014.89, 5704815.33, 429295.42, 5707432.18)"
Büecke,51716,Möhnesee,5974032,"(437273.81, 5706295.65, 439086.05, 5708763.74)"
Echtrop,51718,Möhnesee,5974032,"(440959.62, 5706294.9, 444398.37, 5709411.81)"
Ellingsen,51719,Möhnesee,5974032,"(443756.34, 5705519.94, 445644.5, 5709392.59)"
Gerlingen,51720,Ense,5974012,"(427885.15, 5707905.4, 429689.42, 5709671.11)"
Günne,51721,Möhnesee,5974032,"(431322.11, 5700718.89, 435179.52, 5706553.42)"
Hewingsen,51722,Möhnesee,5974032,"(432200.75, 5706274.79, 434821.66, 5709053.64)"
Hünningen,51725,Ense,5974012,"(424705.8, 5702878.91, 426898.54, 5706529.76)"
Körbecke,51727,Möhnesee,5974032,"(437849.41, 5699134.41, 441092.54, 5706310.54)"
Niederense,51729,Ense,5974012,"(428943.95, 5702358.38, 432327.57, 5706323.12)"
Oberense,51730,Ense,5974012,"(428731.62, 5705871.13, 431343.77, 5708651.86)"
Parsit,51731,Ense,5974012,"(427346.03, 5705033.16, 429106.59, 5706314.31)"
Ruhne,51732,Ense,5974012,"(425719.02, 5707082.53, 428970.09, 5708935.87)"
Sieveringen,51733,Ense,5974012,"(429130.78, 5708228.98, 432573.69, 5710139.54)"
Theiningsen,51735,Möhnesee,5974032,"(434339.82, 5705978.16, 436209.04, 5709019.29)"
Volbringen,51736,Ense,5974012,"(430455.31, 5706736.85, 431390.84, 5708737.87)"
Waltringen,51738,Ense,5974012,"(422349.45, 5705642.09, 426248.42, 5708393.41)"
Wamel,51739,Möhnesee,5974032,"(441927.36, 5703070.04, 444603.56, 5706432.37)"
Westrich,51740,Möhnesee,5974032,"(435062.6, 5704186.52, 436549.98, 5706468.45)"
Wippringsen,51741,Möhnesee,5974032,"(435909.31, 5706338.57, 437521.08, 5709240.42)"
Beusingsen,51743,Bad Sassendorf,5974008,"(442165.23, 5709108.86, 444347.74, 5712624.32)"
Deiringsen,51744,Soest,5974040,"(435444.0, 5708830.63, 437326.75, 5711239.58)"
Elfsen,51745,Bad Sassendorf,5974008,"(440699.2, 5709655.31, 442633.87, 5711649.57)"
Enkesen im Klei,51746,Bad Sassendorf,5974008,"(444660.82, 5711969.22, 446959.24, 5714005.68)"
Heppen,51747,Bad Sassendorf,5974008,"(439294.81, 5715583.17, 441738.51, 5717730.88)"
Krewinkel,51762,Lippetal,5974024,"(434531.26, 5720343.83, 437340.34, 5722185.81)"
Herringsen,51748,Bad Sassendorf,5974008,"(444528.83, 5707917.66, 447623.52, 5711257.97)"
Todenfeld,54157,Rheinbach,5382048,"(353287.5, 5604154.37, 356674.51, 5606919.05)"
Hiddingsen,51749,Soest,5974040,"(437939.53, 5708488.48, 439494.96, 5711597.51)"
Lichtenbusch,54179,Aachen,5334002,"(296763.92, 5620370.73, 298394.15, 5622535.8)"
Richterich,54180,Aachen,5334002,"(289903.28, 5632108.88, 294094.91, 5638084.14)"
Lohne,51751,Bad Sassendorf,5974008,"(442828.98, 5712578.27, 446124.19, 5718126.91)"
Walheim,54182,Aachen,5334002,"(297054.39, 5616087.41, 303547.2, 5624634.24)"
Agger,54201,Reichshof,5374040,"(400965.26, 5646394.73, 407539.29, 5651129.31)"
Bergneustadt,54202,Bergneustadt,5374004,"(402981.53, 5650285.78, 407605.95, 5655615.17)"
Denklingen,54203,Reichshof,5374040,"(402335.41, 5639621.26, 408520.35, 5644032.27)"
Drabenderhöhe,54204,Wiehl,5374048,"(389418.82, 5643311.69, 394675.59, 5646958.45)"
Eckenhagen,54205,Reichshof,5374040,"(406209.8, 5646963.1, 411786.3, 5651872.88)"
Gimborn,54206,Gummersbach,5374012,"(390268.17, 5651678.16, 396755.02, 5656800.72)"
Gummersbach,54207,Gummersbach,5374012,"(394756.5, 5648743.79, 404454.82, 5657209.38)"
Müllingsen,51752,Soest,5974040,"(438954.64, 5708493.71, 441761.91, 5712212.32)"
Neuengeseke,51753,Bad Sassendorf,5974008,"(443090.3, 5709246.62, 446739.02, 5712997.67)"
Marienberghausen,54214,Nümbrecht,5374032,"(391696.0, 5634359.31, 398990.09, 5644337.73)"
Marienheide,54215,Marienheide,5374024,"(391523.92, 5655954.66, 403195.9, 5662693.04)"
Morsbach,54216,Morsbach,5374028,"(406091.82, 5632877.48, 412888.45, 5638949.46)"
Nümbrecht,54217,Nümbrecht,5374032,"(394251.77, 5636373.7, 403081.45, 5644165.68)"
Ründeroth,54218,Engelskirchen,5374008,"(388919.0, 5646400.24, 395835.05, 5653770.91)"
Schnörringen,54219,Waldbröl,5374044,"(399503.61, 5630742.19, 406367.05, 5637920.8)"
Sinspert,54220,Reichshof,5374040,"(404639.59, 5642922.66, 412017.09, 5648800.48)"
Waldbröl,54221,Waldbröl,5374044,"(395229.61, 5631936.07, 404824.09, 5639448.57)"
Weiershagen,54222,Wiehl,5374048,"(391888.83, 5643089.31, 397820.87, 5649155.37)"
Wiedenest,54223,Bergneustadt,5374004,"(405644.44, 5651224.21, 411319.58, 5657749.4)"
Wiehl,54224,Wiehl,5374048,"(396215.98, 5643066.37, 402835.01, 5650081.9)"
Wildberg-Erdingen,54225,Reichshof,5374040,"(407589.27, 5640402.29, 415132.81, 5645730.65)"
Strombach,54226,Gummersbach,5374012,"(395357.87, 5650125.9, 398546.16, 5656797.28)"
Dieringhausen,54227,Gummersbach,5374012,"(394208.43, 5647876.27, 400610.08, 5651227.98)"
Breidenbach,54228,Lindlar,5374020,"(379287.4, 5652155.94, 385475.57, 5657167.16)"
Breun,54229,Lindlar,5374020,"(384878.13, 5652128.22, 392181.22, 5659840.68)"
Klüppelberg,54230,Wipperfürth,5374052,"(382436.81, 5656323.66, 395374.06, 5669288.99)"
Lindlar,54231,Lindlar,5374020,"(381241.51, 5649816.48, 388848.48, 5655414.34)"
Oberengelskirchen,54232,Engelskirchen,5374008,"(386535.71, 5645052.57, 391537.37, 5652446.01)"
Opmünden,51754,Bad Sassendorf,5974008,"(440920.06, 5711505.96, 443342.86, 5714481.8)"
Eschweiler,54254,Eschweiler,5334012,"(302057.97, 5628758.58, 311618.1, 5635053.96)"
Gressenich,54255,Stolberg (Rhld.),5334032,"(306350.7, 5620699.57, 314202.95, 5629695.7)"
Herzogenrath,54256,Herzogenrath,5334016,"(294037.49, 5636440.55, 297880.18, 5640439.56)"
Ruploh,51755,Soest,5974040,"(437010.62, 5708555.64, 438454.45, 5711297.21)"
Bettendorf,54270,Alsdorf,5334004,"(302257.46, 5640206.15, 304161.76, 5641765.02)"
Sassendorf,51756,Bad Sassendorf,5974008,"(440217.94, 5713312.11, 443510.42, 5717973.75)"
Bettinghausen,51757,Bad Sassendorf,5974008,"(442813.5, 5717048.18, 445806.85, 5720536.28)"
Eickelborn,51758,Lippstadt,5974028,"(443466.1, 5721125.31, 447026.52, 5723859.6)"
Heintrop,51759,Lippetal,5974024,"(431052.83, 5721218.41, 434131.03, 5724793.4)"
Hovestadt,51760,Lippetal,5974024,"(438996.23, 5722402.16, 441752.92, 5723893.32)"
Kalkar,54426,Bad Münstereifel,5366004,"(341356.26, 5606626.13, 342925.06, 5608157.09)"
Kirchheim,54428,Euskirchen,5366016,"(345082.09, 5603373.89, 348742.46, 5609643.52)"
Hultrop,51761,Lippetal,5974024,"(433320.96, 5720822.3, 436042.61, 5723320.54)"
Lohe,51763,Lippstadt,5974028,"(445254.08, 5719645.26, 447306.95, 5722073.56)"
Großenbach,51838,Bad Laasphe,5970028,"(447310.37, 5639654.49, 449352.7, 5641714.29)"
Niederbauer,51764,Lippetal,5974024,"(435572.43, 5721591.64, 439168.54, 5723999.58)"
Ermsinghausen,51919,Geseke,5974020,"(459543.71, 5720536.37, 460381.04, 5722876.49)"
Schalksmühle,51920,Schalksmühle,5962056,"(394842.58, 5675328.8, 399915.72, 5680347.1)"
Nuttlar,51921,Bestwig,5958008,"(457003.81, 5690386.01, 461632.34, 5695405.44)"
Oestinghausen,51765,Lippetal,5974024,"(435819.81, 5720412.36, 438990.43, 5722922.45)"
Ostinghausen,51766,Bad Sassendorf,5974008,"(442560.24, 5719990.08, 445476.9, 5722032.6)"
Dillnhütten,51924,Siegen,5970040,"(430267.63, 5641831.05, 430746.84, 5642272.57)"
Schoneberg,51767,Lippetal,5974024,"(441350.4, 5720939.03, 444089.93, 5724023.7)"
Ampen,51768,Soest,5974040,"(432349.67, 5710379.21, 434991.78, 5713233.81)"
Ehningsen,51769,Welver,5974048,"(428919.08, 5713793.05, 430387.82, 5716106.35)"
Gabrechten,51925,Bad Sassendorf,5974008,"(441484.7, 5716707.56, 442893.48, 5717933.63)"
Einecke,51770,Welver,5974048,"(429246.26, 5715306.22, 432107.91, 5717525.63)"
Eineckerholsen,51771,Welver,5974048,"(430243.66, 5714421.23, 431997.18, 5715838.65)"
Enkesen bei Paradiese,51772,Soest,5974040,"(431542.93, 5711395.02, 433537.34, 5713582.32)"
Epsingsen,51773,Soest,5974040,"(432629.88, 5708807.43, 434481.34, 5710957.74)"
Flerke,51774,Welver,5974048,"(426255.55, 5715002.02, 428820.86, 5717422.86)"
Hattrop,51775,Soest,5974040,"(433827.03, 5713563.61, 436011.63, 5716019.82)"
Klotingen,51776,Welver,5974048,"(428055.83, 5715626.2, 431296.05, 5719063.17)"
Meiningsen,51777,Soest,5974040,"(433452.69, 5708244.67, 435978.72, 5711862.17)"
Merklingsen,51778,Welver,5974048,"(429752.33, 5712918.08, 432089.34, 5714941.84)"
Meyerich,51779,Welver,5974048,"(426254.55, 5717068.4, 428755.8, 5720234.01)"
Ostönnen,51780,Soest,5974040,"(429469.07, 5709398.38, 432360.34, 5713142.15)"
Recklingsen,51781,Welver,5974048,"(428842.93, 5718737.53, 431928.3, 5721344.85)"
Röllingsen,51782,Soest,5974040,"(431555.65, 5708783.52, 432970.88, 5711368.48)"
Kleinenbreden,52370,Marienmünster,5762024,"(515622.26, 5742370.05, 517454.01, 5743316.94)"
Schwefe,51783,Welver,5974048,"(431652.54, 5713256.78, 434116.2, 5716519.56)"
Kirchwelver,51784,Welver,5974048,"(427790.49, 5718579.94, 429822.46, 5720618.71)"
Budberg,51786,Werl,5974052,"(420500.75, 5712542.99, 423673.99, 5714415.29)"
Ostbüderich,51787,Werl,5974052,"(421646.43, 5708372.84, 423132.99, 5712818.81)"
Holtum,51788,Werl,5974052,"(419020.12, 5709203.14, 422060.81, 5713028.99)"
Mawicke,51789,Werl,5974052,"(428687.61, 5709496.76, 430584.75, 5713440.4)"
Willegassen,52422,Willebadessen,5762040,"(512387.14, 5716649.28, 513974.37, 5718439.3)"
Niederbergstraße,51790,Werl,5974052,"(427280.99, 5713695.05, 429488.29, 5715731.73)"
Langschede,51936,Fröndenberg/Ruhr,5978012,"(409852.37, 5703138.17, 411179.82, 5704236.01)"
Oberbergstraße,51791,Werl,5974052,"(427567.56, 5712795.77, 430124.19, 5714277.35)"
Schlückingen,51793,Wickede (Ruhr),5974056,"(419097.31, 5706960.45, 422335.66, 5709827.72)"
Detmold,52003,Detmold,5766020,"(489133.67, 5751434.39, 494143.09, 5756519.43)"
Horn,52004,Horn-Bad Meinberg,5766032,"(493030.51, 5742365.67, 499321.26, 5749217.78)"
Lage,52005,Lage,5766040,"(484253.55, 5758476.54, 487755.18, 5761677.11)"
Lemgo,52006,Lemgo,5766044,"(489572.51, 5761138.79, 498815.82, 5768430.5)"
Künsebeck,52526,Halle (Westf.),5754012,"(453260.03, 5762687.54, 459640.46, 5767119.78)"
Langenberg,52527,Langenberg,5754024,"(448400.8, 5730346.35, 456407.07, 5739551.44)"
Liemke,52528,Verl,5754044,"(469248.38, 5744745.67, 472555.17, 5748607.25)"
Lintel,52529,Rheda-Wiedenbrück,5754028,"(452870.36, 5741189.59, 458788.66, 5748106.62)"
Loxten,52530,Versmold,5754048,"(437759.03, 5765517.65, 446184.03, 5769878.28)"
Marienfeld,52531,Harsewinkel,5754016,"(445621.82, 5753171.1, 454102.77, 5758179.76)"
Mastholte,52532,Rietberg,5754032,"(454697.66, 5729788.54, 460259.98, 5737378.64)"
Neuenkirchen,52534,Rietberg,5754032,"(460411.68, 5740338.04, 465409.11, 5743321.53)"
Niehorst,52535,Gütersloh,5754008,"(452770.54, 5754350.91, 457962.88, 5757772.63)"
Nordrheda-Ems,52536,Rheda-Wiedenbrück,5754028,"(444841.49, 5741538.76, 454003.52, 5749900.78)"
Oesterweg,52537,Versmold,5754048,"(442429.35, 5761961.65, 446981.57, 5767333.0)"
Österwiehe,52538,Verl,5754044,"(464722.49, 5742357.19, 472268.81, 5745517.95)"
Peckeloh,52539,Versmold,5754048,"(436554.24, 5761104.43, 444110.32, 5765852.47)"
Rheda,52540,Rheda-Wiedenbrück,5754028,"(447804.04, 5742828.85, 453154.42, 5747203.02)"
Rietberg,52541,Rietberg,5754032,"(457270.53, 5734906.3, 463321.67, 5741702.2)"
Schloß Holte,52542,Schloß Holte-Stukenbrock,5754036,"(469519.27, 5744859.11, 475317.19, 5753026.57)"
Sende,52543,Verl,5754044,"(465739.81, 5748108.15, 471000.68, 5752961.72)"
Spexard,52544,Gütersloh,5754008,"(456742.55, 5745200.35, 462675.58, 5750948.86)"
Steinhagen,52545,Steinhagen,5754040,"(455818.08, 5757790.37, 463049.55, 5764395.1)"
Westönnen,51794,Werl,5974052,"(426453.5, 5708830.79, 429268.93, 5713972.83)"
Schwalenberg,52010,Schieder-Schwalenberg,5766060,"(511643.14, 5745106.4, 516513.29, 5749426.86)"
Almena,52011,Extertal,5766028,"(504659.09, 5771587.31, 506550.07, 5774773.54)"
Sankt Vit,52546,Rheda-Wiedenbrück,5754028,"(446913.1, 5739816.8, 451256.4, 5743513.81)"
Stukenbrock,52547,Schloß Holte-Stukenbrock,5754036,"(472990.54, 5744646.83, 482662.18, 5753356.21)"
Varensell,52548,Rietberg,5754032,"(458482.52, 5742787.7, 465299.61, 5747398.87)"
Wickede,51795,Wickede (Ruhr),5974056,"(420037.34, 5704500.3, 422698.56, 5707414.43)"
Wiehagen,51796,Wickede (Ruhr),5974056,"(418916.91, 5704728.66, 421257.16, 5707576.1)"
Alertshausen,51798,Bad Berleburg,5970004,"(464200.48, 5654933.04, 466850.26, 5657777.33)"
Beddelhausen,51800,Bad Berleburg,5970004,"(461846.89, 5647853.73, 465759.03, 5651674.02)"
Christianseck,51801,Bad Berleburg,5970004,"(461004.91, 5654332.51, 464241.99, 5657885.83)"
Sassenhausen,51805,Bad Berleburg,5970004,"(456196.3, 5646945.39, 459139.47, 5650459.93)"
Schwarzenau,51806,Bad Berleburg,5970004,"(461423.49, 5650968.54, 464420.48, 5654168.04)"
Stünzel,51807,Bad Berleburg,5970004,"(452870.59, 5645978.49, 457184.38, 5648527.95)"
Weidenhausen,51808,Bad Berleburg,5970004,"(454030.32, 5647893.58, 456988.24, 5650612.19)"
Bermershausen,51810,Bad Laasphe,5970028,"(452548.01, 5643157.06, 455108.19, 5645887.63)"
Bernshausen,51811,Bad Laasphe,5970028,"(450196.63, 5637328.3, 453908.19, 5639451.36)"
Fischelbach,51812,Bad Laasphe,5970028,"(449737.68, 5634531.92, 455847.67, 5637698.27)"
Heiligenborn,51813,Bad Laasphe,5970028,"(448885.14, 5637012.06, 450993.66, 5640001.64)"
Merzenich,54440,Zülpich,5366044,"(331574.75, 5614764.91, 333356.09, 5616820.16)"
Herbertshausen,51814,Bad Laasphe,5970028,"(453571.42, 5640784.42, 456061.95, 5643210.81)"
Hesselbach,51815,Bad Laasphe,5970028,"(452466.89, 5636047.0, 457857.65, 5639624.21)"
Holzhausen,51816,Bad Laasphe,5970028,"(453007.75, 5644787.28, 455866.61, 5647561.33)"
Niederlaasphe,51817,Bad Laasphe,5970028,"(459781.1, 5640628.11, 462023.7, 5643328.51)"
Puderbach,51818,Bad Laasphe,5970028,"(458879.04, 5642828.89, 462399.44, 5646743.38)"
Saßmannshausen,51819,Bad Laasphe,5970028,"(454616.25, 5642597.07, 457289.8, 5646445.69)"
Wittgenstein-Kunst,51820,Bad Laasphe,5970028,"(455658.72, 5641164.3, 458097.43, 5643656.96)"
Balde,51823,Erndtebrück,5970012,"(451600.04, 5647446.92, 454171.48, 5650762.25)"
Birkefehl,51825,Erndtebrück,5970012,"(448174.1, 5650335.09, 452219.95, 5654470.96)"
Dotzlar,51827,Bad Berleburg,5970004,"(456534.57, 5650235.96, 459893.27, 5653772.94)"
Hemschlar,51828,Bad Berleburg,5970004,"(453964.01, 5650276.66, 456971.32, 5652681.1)"
Raumland,51829,Bad Berleburg,5970004,"(454512.57, 5651416.2, 458473.34, 5654157.3)"
Rinthe,51830,Bad Berleburg,5970004,"(452051.46, 5649334.77, 454954.78, 5651852.58)"
Womelsdorf,51832,Erndtebrück,5970012,"(443639.29, 5650293.83, 449186.69, 5652549.38)"
Amtshausen,51834,Bad Laasphe,5970028,"(448996.18, 5646394.52, 452499.8, 5648678.97)"
Oberelvenich,54448,Zülpich,5366044,"(336892.45, 5617568.29, 339298.4, 5620367.82)"
Benfe,51835,Erndtebrück,5970012,"(444640.1, 5642017.2, 448419.14, 5645988.34)"
Oberndorf,51840,Bad Laasphe,5970028,"(448287.81, 5644271.77, 451359.02, 5646867.45)"
Rückershausen,51841,Bad Laasphe,5970028,"(448992.91, 5644192.71, 451024.76, 5645232.96)"
Rüppershausen,51842,Bad Laasphe,5970028,"(450714.36, 5644624.06, 452446.27, 5647719.38)"
Schameder,51843,Erndtebrück,5970012,"(449014.09, 5648380.19, 452088.7, 5650797.42)"
Steinbach,51844,Bad Laasphe,5970028,"(451432.7, 5644850.65, 453849.93, 5647797.85)"
Weide,51846,Bad Laasphe,5970028,"(448419.14, 5643364.64, 450341.94, 5644689.39)"
Zinse,51848,Erndtebrück,5970012,"(443081.29, 5649979.15, 446173.55, 5652574.89)"
Diedenshausen,51849,Bad Berleburg,5970004,"(461975.58, 5657329.28, 465886.39, 5660108.52)"
Girkhausen,51850,Bad Berleburg,5970004,"(458348.51, 5660545.44, 465427.97, 5666636.82)"
Roitzheim,54452,Euskirchen,5366016,"(344325.76, 5612001.1, 345456.28, 5613840.49)"
Langewiese,51853,Winterberg,5958048,"(460665.73, 5664939.49, 463529.4, 5668142.67)"
Mollseifen,51854,Winterberg,5958048,"(463956.19, 5666412.15, 465500.31, 5668108.49)"
Neuastenberg,51855,Winterberg,5958048,"(462578.5, 5665864.38, 464694.27, 5669059.12)"
Rövenich,54453,Zülpich,5366044,"(335684.41, 5619011.37, 338535.06, 5622230.55)"
Schüllar,51856,Bad Berleburg,5970004,"(456597.78, 5657926.59, 460524.88, 5664743.83)"
Wemlighausen,51857,Bad Berleburg,5970004,"(458778.16, 5657114.62, 463907.28, 5661300.79)"
Wunderthausen,51858,Bad Berleburg,5970004,"(463121.3, 5659491.76, 468394.94, 5664995.42)"
Laasphe,51859,Bad Laasphe,5970028,"(455453.32, 5638535.58, 460521.58, 5647631.29)"
Herzfeld,51862,Lippetal,5974024,"(437779.0, 5723356.7, 445529.12, 5730041.56)"
Lippborg,51863,Lippetal,5974024,"(427097.81, 5722996.95, 438414.31, 5730728.53)"
Milchenbach,51864,Lennestadt,5966020,"(443136.86, 5660185.91, 446905.31, 5664021.42)"
Altlichtendorf,51872,Schwerte,5978028,"(401614.82, 5701231.43, 404361.23, 5703690.96)"
Rosen,51873,Schwerte,5978028,"(397929.66, 5699152.95, 399814.7, 5701538.03)"
Altenfeld,51874,Winterberg,5958048,"(459780.27, 5676165.34, 462513.08, 5679588.44)"
Meerhof,51876,Marsberg,5958024,"(486621.31, 5704903.77, 492793.35, 5710854.08)"
Westheim,51878,Marsberg,5958024,"(491577.95, 5703581.57, 497975.28, 5707944.42)"
Garfeln,51879,Lippstadt,5974028,"(461450.23, 5725955.46, 464404.64, 5728305.08)"
Hörste,51880,Lippstadt,5974028,"(458840.69, 5724141.61, 461762.65, 5728120.52)"
Rebbeke,51881,Lippstadt,5974028,"(457944.55, 5726567.11, 464042.43, 5730489.58)"
Bad Waldliesborn,51882,Lippstadt,5974028,"(451084.49, 5726078.63, 456235.46, 5730973.76)"
Lücklemberg,51900,Dortmund,5913000,"(392745.93, 5699263.73, 394970.96, 5703784.36)"
Niederhofen,51901,Dortmund,5913000,"(395358.79, 5700603.99, 397190.67, 5702966.57)"
Wichlinghofen,51902,Dortmund,5913000,"(394386.69, 5699820.89, 395895.5, 5702682.77)"
Kemminghausen,51903,Dortmund,5913000,"(394085.48, 5712734.41, 395713.79, 5714579.36)"
Bellenberg,52024,Horn-Bad Meinberg,5766032,"(499087.55, 5745296.59, 501208.37, 5747693.25)"
Holthausen,51904,Dortmund,5913000,"(390603.66, 5713004.44, 393194.61, 5715687.12)"
Holte,51905,Dortmund,5913000,"(382191.91, 5707241.45, 383260.84, 5708245.84)"
Heßloh,52086,Lage,5766040,"(487702.08, 5759524.72, 489890.14, 5761567.52)"
Menglinghausen,51906,Dortmund,5913000,"(389370.83, 5702691.59, 391067.74, 5704615.08)"
Persebeck,51907,Dortmund,5913000,"(388590.22, 5701660.5, 390091.53, 5703715.89)"
Salingen,51908,Dortmund,5913000,"(388041.54, 5701947.62, 389237.86, 5704007.89)"
Schweinheim,54457,Euskirchen,5366016,"(348662.56, 5607840.89, 350571.06, 5610660.04)"
Altenderne,51909,Lünen,5978024,"(396222.17, 5715135.19, 398558.12, 5716397.3)"
Waldhausen,51911,Warstein,5974044,"(447755.76, 5705935.06, 452054.44, 5708194.36)"
Herringhausen,51913,Lippstadt,5974028,"(449858.13, 5721313.26, 451829.02, 5723199.7)"
Cappel,51915,Lippstadt,5974028,"(451109.59, 5724678.29, 452668.31, 5727472.59)"
Lipperode,51916,Lippstadt,5974028,"(455809.92, 5726171.18, 458748.71, 5730019.44)"
Eringerfeld,51917,Geseke,5974020,"(460418.68, 5713191.28, 464813.59, 5717351.57)"
Langeneicke,51918,Geseke,5974020,"(459300.13, 5716244.06, 462056.61, 5723283.92)"
Nordwald,51926,Lippetal,5974024,"(438766.35, 5720804.83, 441504.37, 5723194.79)"
Paradiese,51927,Soest,5974040,"(433004.21, 5712730.11, 434748.85, 5714148.87)"
Scheidingen,51928,Welver,5974048,"(424466.22, 5715045.6, 426820.08, 5719271.09)"
Illingen,51929,Welver,5974048,"(424614.37, 5718140.46, 426429.58, 5720400.3)"
Westbüderich,51930,Werl,5974052,"(420114.64, 5708976.81, 422521.59, 5712527.0)"
Neimen,51931,Fröndenberg/Ruhr,5978012,"(415549.38, 5702967.29, 417214.67, 5705276.82)"
Frohnhausen,51932,Fröndenberg/Ruhr,5978012,"(415927.05, 5703188.19, 417621.44, 5705165.7)"
Stentrop,51933,Fröndenberg/Ruhr,5978012,"(415605.08, 5704944.87, 417903.43, 5706225.26)"
Bentrop,51934,Fröndenberg/Ruhr,5978012,"(417726.53, 5703834.25, 420170.59, 5707971.14)"
Warmen,51935,Fröndenberg/Ruhr,5978012,"(417039.83, 5702996.13, 420033.65, 5705230.69)"
Ardey,51938,Fröndenberg/Ruhr,5978012,"(410787.44, 5703101.7, 412671.25, 5705801.71)"
Altendorf,51940,Fröndenberg/Ruhr,5978012,"(406629.34, 5702641.68, 408925.08, 5705484.18)"
Kessebüren,51941,Unna,5978036,"(410365.22, 5707195.58, 413187.29, 5709414.17)"
Ostbüren,51942,Fröndenberg/Ruhr,5978012,"(412798.74, 5706413.26, 416600.71, 5709434.04)"
Becke,51943,Hemer,5962016,"(413571.36, 5693933.8, 417216.43, 5696876.32)"
Barntrup,52001,Barntrup,5766012,"(505050.32, 5757482.83, 511191.94, 5763406.99)"
Blomberg,52002,Blomberg,5766016,"(504323.93, 5752512.26, 510948.5, 5758167.54)"
Oerlinghausen,52007,Oerlinghausen,5766056,"(475466.12, 5752546.53, 478628.01, 5758029.59)"
Bad Salzuflen,52008,Bad Salzuflen,5766008,"(479983.48, 5769413.05, 485188.02, 5774601.98)"
Schötmar,52009,Bad Salzuflen,5766008,"(482082.52, 5766614.96, 484699.89, 5770385.57)"
Altendonop,52012,Blomberg,5766016,"(499786.08, 5759265.26, 502707.88, 5761344.12)"
Asendorf,52015,Kalletal,5766036,"(498828.17, 5770698.84, 501819.02, 5773660.93)"
Bentorf,52026,Kalletal,5766036,"(492626.47, 5774136.71, 495711.74, 5777556.58)"
Bentrup,52027,Detmold,5766020,"(490222.79, 5758713.35, 493240.31, 5760854.28)"
Berlebeck,52030,Detmold,5766020,"(487849.88, 5745334.23, 492706.71, 5750316.56)"
Bexterhagen,52031,Leopoldshöhe,5766048,"(477893.62, 5764211.83, 480111.8, 5766092.67)"
Billerbeck,52033,Horn-Bad Meinberg,5766032,"(500891.96, 5746772.98, 504665.68, 5749201.3)"
Borkhausen,52036,Blomberg,5766016,"(505665.62, 5751046.68, 508342.48, 5752971.45)"
Brokhausen,52043,Detmold,5766020,"(493638.45, 5755455.09, 495803.95, 5758416.97)"
Brosen,52044,Kalletal,5766036,"(495860.07, 5770212.62, 499177.77, 5774152.96)"
Brüntorf,52045,Lemgo,5766044,"(488157.95, 5767725.43, 491371.96, 5770596.14)"
Cappel,52047,Blomberg,5766016,"(498266.68, 5754991.9, 500641.33, 5757355.89)"
Entrup,52057,Lemgo,5766044,"(491355.12, 5765866.14, 493208.68, 5767799.0)"
Erder,52058,Kalletal,5766036,"(493470.14, 5779358.17, 497625.93, 5781702.27)"
Eschenbruch,52059,Blomberg,5766016,"(510137.29, 5755346.26, 513419.0, 5759214.78)"
Falkenhagen,52062,Lügde,5766052,"(519042.24, 5747423.25, 522544.08, 5750221.43)"
Fromhausen,52065,Horn-Bad Meinberg,5766032,"(492406.46, 5747672.31, 495060.9, 5749774.83)"
Hagen,52072,Lage,5766040,"(484684.2, 5761251.09, 486964.31, 5763999.96)"
Hakedahl,52073,Detmold,5766020,"(492366.69, 5753949.74, 495263.33, 5756348.15)"
Hedderhagen,52077,Lage,5766040,"(489878.0, 5758091.34, 491576.86, 5759681.39)"
Heesten,52078,Horn-Bad Meinberg,5766032,"(497970.28, 5743304.45, 500756.78, 5747360.85)"
Heidelbeck,52079,Kalletal,5766036,"(498026.89, 5773165.86, 502585.41, 5776703.66)"
Heiden,52080,Lage,5766040,"(486919.14, 5757249.14, 490568.29, 5760434.09)"
Heidenoldendorf,52081,Detmold,5766020,"(486482.42, 5753167.93, 489930.48, 5756301.2)"
Heiligenkirchen,52082,Detmold,5766020,"(487433.77, 5747498.23, 492162.31, 5752507.9)"
Henstorf,52083,Kalletal,5766036,"(496441.64, 5767737.93, 499992.87, 5770805.93)"
Herrentrup,52085,Blomberg,5766016,"(500297.83, 5751209.65, 504577.69, 5753333.41)"
Höntrup,52092,Blomberg,5766016,"(500639.07, 5752395.85, 503052.99, 5754093.99)"
Drenke,52333,Beverungen,5762008,"(519433.14, 5724743.21, 523312.27, 5727032.88)"
Holzhausen-Externsteine,52098,Horn-Bad Meinberg,5766032,"(491499.9, 5744177.78, 494704.88, 5748314.3)"
Eichholz,52335,Steinheim,5762032,"(503842.34, 5742391.75, 507084.69, 5745205.69)"
Hornoldendorf,52101,Detmold,5766020,"(491926.99, 5749027.67, 494659.35, 5751899.68)"
Hummersen,52105,Lügde,5766052,"(521082.32, 5746125.66, 523825.57, 5749175.04)"
Kleinenmarpe,52112,Blomberg,5766016,"(498046.98, 5756649.08, 501305.57, 5759201.0)"
Köterberg,52114,Lügde,5766052,"(521458.85, 5744811.99, 523305.78, 5746603.49)"
Kohlstädt,52115,Schlangen,5766064,"(489199.37, 5740801.17, 494305.85, 5744742.33)"
Laßbruch,52121,Extertal,5766028,"(501626.38, 5771888.24, 504702.44, 5775222.88)"
Leese,52122,Lemgo,5766044,"(488887.18, 5764509.08, 491687.82, 5768013.9)"
Leopoldshöhe,52125,Leopoldshöhe,5766048,"(478457.08, 5761603.73, 480237.18, 5763408.99)"
Loßbruch,52132,Detmold,5766020,"(491597.2, 5758415.56, 493873.63, 5759615.58)"
Lothe,52133,Schieder-Schwalenberg,5766060,"(508762.36, 5746384.19, 511833.12, 5749175.37)"
Lüerdissen,52136,Lemgo,5766044,"(492190.65, 5767087.7, 496864.24, 5769181.68)"
Maspe,52139,Blomberg,5766016,"(504050.67, 5751058.17, 506397.59, 5753162.81)"
Matorf-Kirchheide,52140,Lemgo,5766044,"(490483.97, 5767615.64, 493270.87, 5771101.39)"
Mosebeck,52144,Detmold,5766020,"(495184.51, 5755003.5, 498874.45, 5757117.01)"
Mossenberg-Wöhren,52145,Blomberg,5766016,"(500233.96, 5754839.47, 502640.64, 5757400.13)"
Eilversen,52336,Marienmünster,5762024,"(516837.15, 5739591.88, 518365.97, 5741679.43)"
Niederschönhagen,52149,Detmold,5766020,"(496731.63, 5753689.11, 498610.1, 5755908.75)"
Nienhagen,52151,Leopoldshöhe,5766048,"(476262.06, 5763933.79, 478048.77, 5766075.29)"
Niese,52152,Lügde,5766052,"(519331.68, 5744357.16, 521956.3, 5747662.49)"
Niewald,52153,Detmold,5766020,"(489192.93, 5756491.79, 490513.93, 5758379.99)"
Oberschönhagen,52154,Detmold,5766020,"(496586.56, 5751435.07, 499283.88, 5754377.09)"
Oesterholz,52158,Schlangen,5766064,"(482464.97, 5740088.03, 492047.67, 5747983.73)"
Oettern-Bremke,52159,Detmold,5766020,"(490173.18, 5756551.68, 492511.07, 5758733.33)"
Osterhagen,52161,Kalletal,5766036,"(492797.51, 5769225.87, 495167.9, 5771978.08)"
Papenhausen,52162,Bad Salzuflen,5766008,"(487835.23, 5765948.41, 490165.65, 5768295.16)"
Reelkirchen,52166,Blomberg,5766016,"(500054.17, 5749744.42, 503389.33, 5752098.22)"
Rischenau,52169,Lügde,5766052,"(515651.81, 5745402.02, 520487.85, 5749617.49)"
Ruensiek,52171,Schieder-Schwalenberg,5766060,"(510959.89, 5744588.78, 515263.96, 5746844.47)"
Sabbenhausen,52172,Lügde,5766052,"(516796.99, 5749848.64, 521655.58, 5753589.82)"
Schieder,52175,Schieder-Schwalenberg,5766060,"(508062.58, 5750283.34, 514255.22, 5755668.72)"
Schlangen,52177,Schlangen,5766064,"(484443.92, 5738597.39, 494251.64, 5742297.77)"
Schmedissen,52178,Horn-Bad Meinberg,5766032,"(494601.91, 5748707.03, 496573.93, 5750291.19)"
Selbeck,52188,Barntrup,5766012,"(503234.44, 5757979.31, 506600.85, 5760018.2)"
Siebenhöfen,52189,Blomberg,5766016,"(502676.13, 5752669.81, 505560.37, 5754764.25)"
Siekholz,52191,Schieder-Schwalenberg,5766060,"(508131.47, 5752546.56, 512131.94, 5755940.56)"
Sommersell,52194,Barntrup,5766012,"(502584.31, 5759109.23, 505586.61, 5761392.5)"
Sonneborn,52195,Barntrup,5766012,"(509133.93, 5758719.24, 513527.87, 5764839.67)"
Spork-Eichholz,52196,Detmold,5766020,"(491895.1, 5751214.85, 494365.84, 5753707.04)"
Talle,52199,Kalletal,5766036,"(490689.72, 5770630.26, 494902.92, 5773747.88)"
Trophagen,52201,Lemgo,5766044,"(489834.73, 5759673.99, 492000.95, 5761771.41)"
Vahlhausen,52204,Detmold,5766020,"(494741.75, 5753542.78, 496785.71, 5755787.65)"
Vahlhausen,52205,Horn-Bad Meinberg,5766032,"(498850.54, 5747328.52, 501759.03, 5749363.51)"
Varenholz,52207,Kalletal,5766036,"(497090.18, 5778907.3, 500118.21, 5781687.11)"
Veldrom,52208,Horn-Bad Meinberg,5766032,"(493488.29, 5739665.52, 496582.25, 5743829.5)"
Waddenhausen,52210,Lage,5766040,"(482844.35, 5761383.83, 485018.88, 5764117.87)"
Wahmbeck,52212,Lemgo,5766044,"(491889.16, 5758564.48, 495658.05, 5761419.47)"
Wehren,52213,Horn-Bad Meinberg,5766032,"(498567.54, 5749528.5, 500998.43, 5752965.83)"
Kachtenhausen,52214,Lage,5766040,"(480530.92, 5756391.49, 482877.14, 5759317.37)"
Welstorf,52216,Lemgo,5766044,"(489267.07, 5770200.68, 491727.44, 5772659.87)"
Westorf,52219,Kalletal,5766036,"(492524.26, 5771771.16, 495618.17, 5774736.9)"
Wöbbel,52223,Schieder-Schwalenberg,5766060,"(505832.87, 5748702.62, 508786.82, 5752362.26)"
Wörderfeld,52224,Lügde,5766052,"(520582.51, 5748834.06, 523810.79, 5752527.76)"
Wülfer-Bexten,52225,Bad Salzuflen,5766008,"(478527.9, 5765119.76, 482641.92, 5768038.95)"
Wüsten,52226,Bad Salzuflen,5766008,"(483290.63, 5769458.86, 489625.92, 5775144.66)"
Harzberg,52227,Lügde,5766052,"(513263.51, 5751625.79, 514272.86, 5753424.83)"
Kempenfeldrom,52228,Horn-Bad Meinberg,5766032,"(494379.74, 5737560.92, 497187.48, 5743046.19)"
Altenbergen,52303,Marienmünster,5762024,"(514964.03, 5736451.48, 518755.52, 5739840.99)"
Altenheerse,52304,Willebadessen,5762040,"(501950.62, 5720835.52, 505749.97, 5723461.26)"
Auenhausen,52306,Brakel,5762016,"(513689.76, 5721020.26, 515770.5, 5724913.66)"
Beller,52308,Brakel,5762016,"(516077.42, 5725877.83, 518646.89, 5728908.06)"
Bellersen,52309,Brakel,5762016,"(510382.94, 5733667.54, 514383.92, 5737260.73)"
Blankenau,52312,Beverungen,5762008,"(524027.49, 5725854.53, 527721.14, 5728629.46)"
Borlinghausen,52318,Willebadessen,5762040,"(500691.96, 5713159.62, 504219.84, 5716973.74)"
Born,52319,Marienmünster,5762024,"(512909.29, 5743282.99, 515477.71, 5745348.31)"
Bremerberg,52323,Marienmünster,5762024,"(517952.02, 5738564.23, 519989.5, 5741554.09)"
Bruchhausen,52325,Höxter,5762020,"(517223.17, 5724578.69, 520752.46, 5730607.19)"
Calenberg,52327,Warburg,5762036,"(509494.7, 5698938.68, 512385.75, 5702226.39)"
Dalhausen,52328,Beverungen,5762008,"(518892.44, 5718548.39, 522513.51, 5722495.49)"
Dalheim,52329,Warburg,5762036,"(511927.87, 5702362.41, 515196.46, 5704110.23)"
Dössel,52331,Warburg,5762036,"(510469.74, 5707053.19, 513786.37, 5709704.13)"
Drankhausen,52332,Borgentreich,5762012,"(513388.95, 5718104.99, 515172.46, 5719199.49)"
Eissen,52337,Willebadessen,5762040,"(510264.07, 5711930.59, 514239.35, 5715551.14)"
Engar,52338,Willebadessen,5762040,"(506204.51, 5709696.59, 509014.25, 5712314.93)"
Erkeln,52340,Brakel,5762016,"(513229.11, 5722920.85, 517940.35, 5727678.71)"
Erpentrup,52341,Bad Driburg,5762004,"(497531.42, 5735525.19, 501929.92, 5738456.35)"
Erwitzen,52342,Nieheim,5762028,"(506167.73, 5733746.68, 509849.67, 5737183.85)"
Eversen,52343,Nieheim,5762028,"(506269.04, 5742182.7, 509488.76, 5744334.71)"
Fölsen,52344,Willebadessen,5762040,"(504816.89, 5717148.18, 507979.36, 5721302.41)"
Frohnhausen,52345,Brakel,5762016,"(511313.83, 5719660.95, 514464.46, 5722217.65)"
Germete,52348,Warburg,5762036,"(505533.24, 5701687.17, 508768.8, 5705064.41)"
Haarbrück,52353,Beverungen,5762008,"(521256.44, 5717841.03, 525765.09, 5720151.73)"
Hampenhausen,52355,Brakel,5762016,"(511461.77, 5721628.36, 514398.56, 5724320.96)"
Helmern,52356,Willebadessen,5762040,"(503670.53, 5715559.0, 507098.4, 5719358.81)"
Hembsen,52357,Brakel,5762016,"(514550.91, 5727033.37, 518509.45, 5732155.05)"
Herlinghausen,52358,Warburg,5762036,"(512828.19, 5700991.16, 515208.56, 5702715.53)"
Herste,52359,Bad Driburg,5762004,"(503819.52, 5727590.59, 507762.98, 5731532.87)"
Herstelle,52360,Beverungen,5762008,"(524240.08, 5719332.48, 530820.56, 5722073.11)"
Hohehaus,52364,Marienmünster,5762024,"(517910.4, 5740700.22, 519780.74, 5742683.8)"
Hohenwepel,52365,Warburg,5762036,"(507315.07, 5707845.76, 511520.16, 5711522.28)"
Holzhausen,52366,Nieheim,5762028,"(507527.28, 5734243.51, 511539.64, 5738931.94)"
Ikenhausen,52367,Willebadessen,5762040,"(504662.2, 5710701.77, 506849.46, 5713843.12)"
Jakobsberg,52369,Beverungen,5762008,"(521521.11, 5719634.59, 524423.4, 5721275.59)"
Kollerbeck,52372,Marienmünster,5762024,"(515089.15, 5743683.15, 519516.54, 5746238.33)"
Kühlsen,52373,Bad Driburg,5762004,"(500964.58, 5722012.55, 502494.84, 5725386.09)"
Langeland,52374,Bad Driburg,5762004,"(497854.87, 5735433.97, 500906.93, 5737680.22)"
Löwendorf,52376,Marienmünster,5762024,"(518153.32, 5742036.64, 521104.67, 5744825.78)"
Lüchtringen,52377,Höxter,5762020,"(527819.54, 5735772.8, 530982.57, 5740929.15)"
Lütgeneder,52378,Borgentreich,5762012,"(511482.72, 5708275.18, 515756.71, 5712419.79)"
Lütmarsen,52379,Höxter,5762020,"(521717.46, 5734430.48, 524718.67, 5738254.47)"
Manrode,52380,Borgentreich,5762012,"(522275.45, 5712968.7, 525881.52, 5717406.57)"
Menne,52381,Warburg,5762036,"(506916.63, 5706677.27, 509936.57, 5709257.39)"
Muddenhagen,52383,Borgentreich,5762012,"(521786.41, 5711320.44, 523654.92, 5713839.65)"
Münsterbrock,52384,Marienmünster,5762024,"(512618.47, 5740861.63, 516861.35, 5744143.16)"
Natingen,52385,Borgentreich,5762012,"(515120.98, 5719601.0, 517894.35, 5723615.81)"
Niesen,52389,Willebadessen,5762040,"(507387.07, 5717494.01, 512688.35, 5721483.42)"
Nörde,52390,Warburg,5762036,"(504511.1, 5707743.91, 507464.02, 5711141.4)"
Ossendorf,52392,Warburg,5762036,"(501978.82, 5704816.04, 507493.74, 5708307.14)"
Ottbergen,52393,Höxter,5762020,"(519024.28, 5727336.63, 522572.57, 5731649.05)"
Ottenhausen,52394,Steinheim,5762032,"(500746.57, 5745030.68, 504294.15, 5747768.22)"
Papenhöfen,52396,Marienmünster,5762024,"(516649.16, 5742905.66, 520105.5, 5745286.81)"
Reelsen,52399,Bad Driburg,5762004,"(498568.9, 5733282.5, 503150.07, 5736043.98)"
Rheder,52400,Brakel,5762016,"(510009.18, 5723556.3, 514118.61, 5727773.18)"
Riesel,52401,Brakel,5762016,"(508327.48, 5725306.9, 511974.82, 5729307.68)"
Rimbeck,52402,Warburg,5762036,"(501419.59, 5706391.31, 505815.48, 5711696.33)"
Rothe,52405,Beverungen,5762008,"(517582.08, 5720996.04, 520683.22, 5725652.97)"
Schmechten,52408,Brakel,5762016,"(504367.55, 5724687.27, 508403.86, 5728208.57)"
Schönenberg,52409,Nieheim,5762028,"(502568.67, 5735877.27, 504079.4, 5737736.62)"
Sommersell,52412,Nieheim,5762028,"(510412.56, 5741235.42, 513297.81, 5745425.46)"
Stahle,52413,Höxter,5762020,"(526514.97, 5740856.75, 531799.02, 5745905.93)"
Tietelsen,52415,Beverungen,5762008,"(516466.42, 5721660.1, 520550.48, 5724842.94)"
Vörden,52417,Marienmünster,5762024,"(513968.87, 5738943.27, 517732.27, 5742419.67)"
Wehrden,52419,Beverungen,5762008,"(523854.79, 5726689.27, 527764.97, 5731935.89)"
Welda,52420,Warburg,5762036,"(505354.38, 5699103.34, 509632.8, 5702658.75)"
Wormeln,52423,Warburg,5762036,"(508013.66, 5699964.25, 511061.1, 5703267.28)"
Würgassen,52424,Beverungen,5762008,"(525907.68, 5720536.69, 530491.35, 5722369.52)"
Amshausen,52502,Steinhagen,5754040,"(457635.63, 5762353.88, 461190.05, 5766206.08)"
Bokel,52507,Rietberg,5754032,"(454020.47, 5736725.17, 458292.71, 5740711.37)"
Bornholte,52509,Verl,5754044,"(463183.96, 5744413.86, 470530.53, 5748637.42)"
Brockhagen,52510,Steinhagen,5754040,"(451192.44, 5757497.65, 459073.31, 5763606.44)"
Clarholz,52511,Herzebrock-Clarholz,5754020,"(441543.82, 5746027.22, 449018.8, 5755736.88)"
Druffel,52512,Rietberg,5754032,"(456947.34, 5739819.39, 461006.37, 5744261.37)"
Ebbesloh,52513,Gütersloh,5754008,"(454224.3, 5756744.7, 457513.05, 5758682.16)"
Friedrichsdorf,52514,Gütersloh,5754008,"(463507.17, 5753700.78, 465277.76, 5755107.21)"
Hesselteich,52521,Versmold,5754048,"(445085.62, 5762024.92, 448751.75, 5765938.03)"
Hörste,52522,Halle (Westf.),5754012,"(448244.17, 5762703.58, 453783.41, 5767951.42)"
Hollen,52523,Gütersloh,5754008,"(455518.13, 5755684.71, 459248.76, 5757906.93)"
Isselhorst,52524,Gütersloh,5754008,"(457615.55, 5754376.7, 463724.89, 5756857.88)"
Kölkebeck,52525,Halle (Westf.),5754012,"(447995.37, 5760617.91, 453796.98, 5764016.02)"
Ahle,52601,Bünde,5758004,"(464119.89, 5781405.49, 468985.31, 5783526.82)"
Belke-Steinbeck,52603,Enger,5758008,"(470174.23, 5776380.32, 473035.68, 5778945.9)"
Besenkamp,52604,Enger,5758008,"(469200.83, 5777882.51, 472702.93, 5780217.12)"
Bustedt,52607,Bünde,5758004,"(472026.69, 5780160.04, 473424.98, 5782021.84)"
Diebrock,52608,Herford,5758012,"(473070.2, 5770966.1, 475929.25, 5775274.46)"
Alswede,52703,Lübbecke,5770020,"(469098.73, 5797514.57, 471240.26, 5799356.3)"
Dreyen,52609,Enger,5758008,"(465654.55, 5776804.68, 468739.03, 5779250.24)"
Eickum,52611,Herford,5758012,"(469666.29, 5771465.04, 473765.08, 5774908.55)"
Eilshausen,52612,Hiddenhausen,5758016,"(473851.36, 5778144.5, 476039.3, 5781334.81)"
Elverdissen,52613,Herford,5758012,"(473713.87, 5767532.1, 477292.72, 5772064.68)"
Enger,52614,Enger,5758008,"(467879.67, 5775596.17, 471411.08, 5778240.02)"
Häver,52619,Kirchlengern,5758020,"(475474.92, 5784541.96, 478438.37, 5787777.2)"
Herringhausen-Ost,52621,Herford,5758012,"(473142.06, 5774471.09, 475836.21, 5776046.05)"
Herringhausen-West,52622,Enger,5758008,"(471061.29, 5774400.52, 473790.75, 5777413.08)"
Hiddenhausen,52623,Hiddenhausen,5758016,"(472030.75, 5777996.91, 474395.44, 5781260.22)"
Holsen,52624,Bünde,5758004,"(464452.53, 5783061.06, 468411.71, 5785888.69)"
Hüffen,52626,Bünde,5758004,"(469872.83, 5779289.52, 472040.83, 5781423.83)"
Hunnebrock,52627,Bünde,5758004,"(469688.58, 5780620.05, 472473.01, 5782627.62)"
Laar,52630,Herford,5758012,"(470084.81, 5769492.78, 473504.27, 5772397.01)"
Lippinghausen,52632,Hiddenhausen,5758016,"(474345.24, 5776083.77, 476473.68, 5778793.97)"
Oetinghausen,52637,Hiddenhausen,5758016,"(472226.04, 5775531.07, 475646.34, 5778235.66)"
Oldinghausen,52638,Enger,5758008,"(468923.16, 5772420.91, 472046.58, 5776175.51)"
Pödinghausen,52640,Enger,5758008,"(468321.31, 5772872.97, 470235.34, 5776187.75)"
Quernheim,52641,Kirchlengern,5758020,"(474384.04, 5784887.02, 476494.9, 5788215.16)"
Rehmerloh,52642,Kirchlengern,5758020,"(475104.39, 5787001.53, 478168.54, 5789439.39)"
Rödinghausen,52643,Rödinghausen,5758028,"(463060.04, 5787594.58, 465434.54, 5791014.35)"
Schweicheln-Bermbeck,52645,Hiddenhausen,5758016,"(475517.6, 5776036.23, 478012.22, 5780616.79)"
Schwenningdorf,52646,Rödinghausen,5758028,"(464638.51, 5787365.23, 467892.41, 5790628.79)"
Siele,52647,Enger,5758008,"(467518.45, 5777840.18, 469716.05, 5780045.94)"
Stedefreund,52650,Herford,5758012,"(472916.06, 5769526.73, 474594.32, 5771297.25)"
Stift Quernheim,52651,Kirchlengern,5758020,"(473823.92, 5787608.11, 475492.76, 5789425.29)"
Südlengern-Dorf,52652,Kirchlengern,5758020,"(473792.15, 5780850.85, 476385.03, 5783148.17)"
Südlengern-Heide,52653,Bünde,5758004,"(472298.54, 5781038.25, 474376.29, 5783452.57)"
Sundern,52654,Hiddenhausen,5758016,"(475366.64, 5775923.25, 476833.33, 5777481.68)"
Uffeln,52655,Vlotho,5758036,"(490435.56, 5779426.35, 494990.02, 5782942.7)"
Wallenbrück,52659,Spenge,5758032,"(459485.52, 5775483.44, 463917.23, 5778482.61)"
Werfen,52660,Bünde,5758004,"(468123.95, 5779767.58, 470804.87, 5782454.55)"
Ahlsen,52701,Hüllhorst,5770016,"(474989.15, 5791502.79, 477813.98, 5794255.04)"
Aminghausen,52704,Minden,5770024,"(495946.32, 5795006.74, 497833.52, 5796988.27)"
Bölhorst,52710,Minden,5770024,"(491587.32, 5790705.85, 492913.92, 5791403.74)"
Börninghausen,52711,Preußisch Oldendorf,5770036,"(463179.64, 5790062.34, 467773.14, 5793184.21)"
Arrenkamp,52705,Stemwede,5770044,"(458716.21, 5805752.56, 461229.56, 5809779.01)"
Barkhausen,52707,Porta Westfalica,5770032,"(490511.25, 5787429.69, 494841.21, 5790750.98)"
Bröderhausen,52712,Hüllhorst,5770016,"(480281.73, 5788424.34, 482343.93, 5791287.45)"
Büttendorf,52714,Hüllhorst,5770016,"(475089.52, 5788621.51, 478183.04, 5791919.44)"
Costedt,52715,Porta Westfalica,5770032,"(488256.59, 5784915.9, 492186.29, 5787993.39)"
Destel,52718,Stemwede,5770044,"(463647.02, 5800455.0, 467503.32, 5804592.09)"
Dielingen,52719,Stemwede,5770044,"(452236.73, 5809283.61, 456581.77, 5812308.15)"
Döhren,52720,Petershagen,5770028,"(500632.77, 5807214.55, 505079.94, 5811040.17)"
Drohne,52721,Stemwede,5770044,"(453203.51, 5804971.55, 456752.99, 5809820.26)"
Eickhorst,52723,Hille,5770012,"(480782.95, 5793836.42, 483144.41, 5796131.29)"
Eilhausen,52725,Lübbecke,5770020,"(477006.96, 5793997.7, 478803.4, 5797083.99)"
Eldagsen,52727,Petershagen,5770028,"(494549.45, 5803047.69, 497320.29, 5805853.15)"
Engershausen,52728,Preußisch Oldendorf,5770036,"(465248.99, 5795218.22, 467147.51, 5797875.33)"
Fabbenstedt,52730,Espelkamp,5770008,"(470179.47, 5800581.48, 474394.67, 5804135.59)"
Getmold,52735,Preußisch Oldendorf,5770036,"(463346.35, 5797474.96, 466465.9, 5801445.95)"
Gorspen-Vahlsen,52736,Petershagen,5770028,"(500338.9, 5802672.02, 503425.9, 5805250.47)"
Großenheerse,52737,Petershagen,5770028,"(498537.48, 5809147.5, 500652.94, 5811306.66)"
Haddenhausen,52738,Minden,5770024,"(485808.74, 5789615.23, 489729.18, 5793227.64)"
Hahlen,52741,Minden,5770024,"(488066.09, 5793468.66, 492503.07, 5796951.45)"
Harlinghausen,52743,Preußisch Oldendorf,5770036,"(463035.31, 5792937.15, 465493.9, 5798195.81)"
Hartum,52744,Hille,5770012,"(484997.89, 5793478.63, 489582.41, 5797682.18)"
Hausberge,52745,Porta Westfalica,5770032,"(493410.41, 5785980.7, 497975.45, 5788194.79)"
Hedem,52746,Preußisch Oldendorf,5770036,"(467263.11, 5796152.3, 470113.12, 5800743.05)"
Heimsen,52747,Petershagen,5770028,"(501479.58, 5810131.02, 506770.54, 5814557.4)"
Holtrup,52750,Porta Westfalica,5770032,"(489079.22, 5782460.43, 492855.01, 5785688.48)"
Huchzen,52754,Hüllhorst,5770016,"(477459.32, 5786894.24, 479324.96, 5788891.54)"
Ilse,52756,Petershagen,5770028,"(501339.11, 5804674.11, 506126.67, 5807427.88)"
Ilserheide,52757,Petershagen,5770028,"(502814.92, 5802410.36, 505635.84, 5805505.87)"
Ilvese,52758,Petershagen,5770028,"(500712.92, 5809975.17, 505705.67, 5813819.48)"
Isenstedt,52759,Espelkamp,5770008,"(473047.37, 5798274.03, 478433.2, 5801947.87)"
Jössen,52760,Petershagen,5770028,"(498025.43, 5803458.99, 501444.58, 5806122.27)"
Kutenhausen,52763,Minden,5770024,"(492269.91, 5796351.36, 494322.5, 5800922.91)"
Lahde,52764,Petershagen,5770028,"(498092.43, 5800333.79, 501353.15, 5804515.62)"
Lashorst,52765,Preußisch Oldendorf,5770036,"(465918.1, 5796960.33, 467740.42, 5800725.69)"
Lerbeck,52766,Porta Westfalica,5770032,"(494503.74, 5787811.92, 497840.06, 5790318.52)"
Leteln,52767,Minden,5770024,"(494583.2, 5795024.55, 496850.26, 5797360.87)"
Levern,52768,Stemwede,5770044,"(459723.57, 5801269.02, 464585.48, 5805671.71)"
Lohe,52769,Bad Oeynhausen,5770004,"(484236.41, 5779127.04, 488385.48, 5782240.21)"
Lohfeld,52770,Porta Westfalica,5770032,"(495975.76, 5784067.08, 500736.74, 5787600.71)"
Lübbecke,52771,Lübbecke,5770020,"(471823.17, 5791723.04, 475673.25, 5798543.64)"
Maaslingen,52772,Petershagen,5770028,"(491470.8, 5802912.45, 494889.15, 5806213.97)"
Meißen,52773,Minden,5770024,"(495743.14, 5790096.89, 498553.34, 5793114.98)"
Meßlingen,52774,Petershagen,5770028,"(489805.77, 5801858.42, 494253.7, 5805120.96)"
Möllbergen,52776,Porta Westfalica,5770032,"(493141.8, 5781593.56, 496393.46, 5785279.38)"
Neesen,52778,Porta Westfalica,5770032,"(494438.04, 5787898.7, 496461.93, 5791334.52)"
Nettelstedt,52779,Lübbecke,5770020,"(478130.03, 5793170.72, 481496.26, 5797142.95)"
Niedermehnen,52781,Stemwede,5770044,"(461683.11, 5804200.99, 467102.55, 5808635.44)"
Nordhemmern,52782,Hille,5770012,"(484292.46, 5797357.36, 487664.49, 5802581.18)"
Offelten,52785,Preußisch Oldendorf,5770036,"(465289.34, 5792897.42, 468059.45, 5797162.48)"
Oppendorf,52786,Stemwede,5770044,"(462202.57, 5808922.99, 468254.15, 5816662.15)"
Oppenwehe,52787,Stemwede,5770044,"(464749.1, 5811200.62, 470648.26, 5818415.6)"
Ovenstädt,52788,Petershagen,5770028,"(495589.17, 5805347.98, 499350.61, 5809130.8)"
Päpinghausen,52789,Minden,5770024,"(497641.85, 5794314.21, 499884.18, 5797585.69)"
Preußisch Oldendorf,52791,Preußisch Oldendorf,5770036,"(463810.63, 5792524.74, 466005.73, 5795745.37)"
Quetzen,52793,Petershagen,5770028,"(500152.78, 5798772.08, 504976.65, 5801588.4)"
Rahden,52795,Rahden,5770040,"(471836.24, 5806724.39, 476420.38, 5810625.85)"
Rosenhagen,52797,Petershagen,5770028,"(505824.93, 5804018.53, 508514.56, 5806836.88)"
Rothenuffeln,52798,Hille,5770012,"(484384.77, 5790281.59, 488003.91, 5794492.18)"
Schröttinghausen,52801,Preußisch Oldendorf,5770036,"(461912.21, 5796379.52, 464370.0, 5801977.17)"
Seelenfeld,52802,Petershagen,5770028,"(503850.06, 5808607.78, 507622.85, 5810697.74)"
Sielhorst,52803,Rahden,5770040,"(469758.72, 5810483.3, 473461.14, 5816049.6)"
Südfelde,52805,Petershagen,5770028,"(490236.58, 5800906.52, 493571.12, 5803456.49)"
Südhemmern,52806,Hille,5770012,"(483508.97, 5795258.45, 486980.85, 5801872.25)"
Sundern,52807,Stemwede,5770044,"(457563.55, 5802871.63, 461887.53, 5806304.97)"
Tengern,52808,Hüllhorst,5770016,"(477907.01, 5788339.83, 480878.65, 5790910.97)"
Schmalge,52810,Espelkamp,5770008,"(475410.07, 5803330.32, 480815.83, 5806865.67)"
Tonnenheide,52811,Rahden,5770040,"(475681.95, 5804965.89, 480844.54, 5810299.66)"
Twiehausen,52812,Stemwede,5770044,"(465152.0, 5802747.06, 469751.05, 5809705.4)"
Unterlübbe,52813,Hille,5770012,"(482881.22, 5792687.64, 485755.61, 5795845.13)"
Varl,52814,Rahden,5770040,"(467283.01, 5804752.49, 472041.81, 5812768.91)"
Vehlage,52815,Espelkamp,5770008,"(467100.14, 5800700.7, 471659.41, 5804871.36)"
Veltheim,52816,Porta Westfalica,5770032,"(495479.44, 5781172.66, 499624.91, 5786028.88)"
Vennebeck,52817,Porta Westfalica,5770032,"(489197.01, 5783951.43, 492846.28, 5786113.39)"
Wasserstraße,52819,Petershagen,5770028,"(504555.95, 5811050.37, 509394.79, 5816488.55)"
Wehe,52821,Rahden,5770040,"(475091.92, 5809450.42, 480378.38, 5816918.09)"
Westrup,52823,Stemwede,5770044,"(460526.9, 5806021.65, 463251.07, 5810161.26)"
Wietersheim,52824,Petershagen,5770028,"(495083.53, 5796516.75, 498728.01, 5800839.66)"
Windheim,52825,Petershagen,5770028,"(498415.78, 5805358.66, 502688.83, 5808532.97)"
Wülpke,52826,Porta Westfalica,5770032,"(500094.66, 5786499.29, 502080.8, 5789099.0)"
Altenhagen,52851,Bielefeld,5711000,"(473502.41, 5765376.97, 476916.83, 5768013.42)"
Babenhausen,52852,Bielefeld,5711000,"(463506.69, 5766340.01, 466729.66, 5768454.24)"
Gadderbaum,52857,Bielefeld,5711000,"(466367.25, 5759803.48, 469025.96, 5762765.37)"
Holtkamp,52862,Bielefeld,5711000,"(457261.08, 5756479.69, 460053.89, 5758454.72)"
Kirchdornberg,52865,Bielefeld,5711000,"(460286.92, 5764375.14, 462877.62, 5766676.34)"
Milse,52867,Bielefeld,5711000,"(472030.77, 5766098.84, 474625.58, 5768599.87)"
Quelle,52870,Bielefeld,5711000,"(462093.4, 5758837.7, 465901.84, 5763150.64)"
Schröttinghausen,52871,Bielefeld,5711000,"(462830.21, 5768850.41, 465820.38, 5771235.27)"
Senne I,52872,Bielefeld,5711000,"(463343.54, 5751685.3, 470696.33, 5760058.89)"
Sennestadt,52873,Bielefeld,5711000,"(467870.3, 5751737.28, 474958.59, 5759150.77)"
Theesen,52874,Bielefeld,5711000,"(465706.65, 5767677.91, 469019.89, 5770300.99)"
Ubbedissen,52875,Bielefeld,5711000,"(473835.12, 5758031.92, 476817.99, 5763242.52)"
Ummeln,52876,Bielefeld,5711000,"(459821.01, 5755027.33, 464578.99, 5759952.7)"
Vilsendorf,52877,Bielefeld,5711000,"(467763.17, 5767539.05, 470579.23, 5770654.49)"
Ahden,52901,Büren,5774016,"(471205.79, 5714680.33, 475016.04, 5720147.9)"
Alfen,52902,Borchen,5774012,"(477059.79, 5718293.04, 481252.76, 5724919.76)"
Anreppen,52904,Delbrück,5774020,"(469577.07, 5730580.81, 474281.77, 5735340.33)"
Asseln,52905,Lichtenau,5774028,"(492991.08, 5720662.66, 499017.68, 5725272.04)"
Barkhausen,52908,Büren,5774016,"(468113.03, 5704315.87, 471607.3, 5708385.83)"
Benhausen,52909,Paderborn,5774032,"(485317.13, 5728965.39, 489772.56, 5733497.15)"
Bentfeld,52910,Delbrück,5774020,"(472485.61, 5730549.33, 475446.64, 5735755.79)"
Blankenrode,52911,Lichtenau,5774028,"(491008.28, 5708669.51, 496745.56, 5713551.39)"
Dahl,52917,Paderborn,5774032,"(486504.54, 5724700.61, 492473.8, 5729892.36)"
Dalheim,52918,Lichtenau,5774028,"(487053.2, 5710410.71, 492660.92, 5714403.63)"
Delbrück,52919,Delbrück,5774020,"(467282.12, 5732241.6, 473247.48, 5737963.44)"
Dörenhagen,52920,Borchen,5774012,"(485544.42, 5719869.68, 490303.4, 5727207.2)"
Ebbinghausen,52921,Lichtenau,5774028,"(488171.72, 5717639.58, 490794.74, 5721077.39)"
Eickhoff,52922,Büren,5774016,"(463446.15, 5710234.15, 466300.41, 5713322.3)"
Elisenhof,52923,Bad Wünnenberg,5774040,"(485883.39, 5709605.42, 489342.29, 5712074.59)"
Grundsteinheim,52927,Lichtenau,5774028,"(489327.76, 5720662.66, 493164.56, 5725135.67)"
Hakenberg,52930,Lichtenau,5774028,"(493797.13, 5719020.88, 499196.14, 5722590.64)"
Helmern,52933,Bad Wünnenberg,5774040,"(481945.82, 5710407.45, 486942.35, 5715443.98)"
Henglarn,52934,Lichtenau,5774028,"(481847.22, 5713572.25, 486719.36, 5719123.11)"
Herbram,52935,Lichtenau,5774028,"(491736.96, 5722797.39, 497556.52, 5727772.7)"
Iggenhausen,52939,Lichtenau,5774028,"(490859.84, 5721268.66, 494269.39, 5725811.95)"
Mantinghausen,52944,Salzkotten,5774036,"(463256.21, 5727497.49, 466804.18, 5730508.59)"
Neuenbeken,52946,Paderborn,5774032,"(488574.22, 5729661.52, 493133.87, 5734828.95)"
Oberntudorf,52949,Salzkotten,5774036,"(473968.96, 5719195.52, 477854.42, 5723153.54)"
Ostenland,52950,Delbrück,5774020,"(471115.22, 5734908.34, 477998.42, 5741055.24)"
Paderborn,52951,Paderborn,5774032,"(479996.28, 5725399.05, 488632.5, 5734236.84)"
Salzkotten,52952,Salzkotten,5774036,"(471203.57, 5718887.05, 477187.93, 5728215.48)"
Sande,52953,Paderborn,5774032,"(474896.56, 5731676.91, 480840.5, 5738820.0)"
Scharmede,52954,Salzkotten,5774036,"(473139.9, 5726719.65, 476582.53, 5731036.21)"
Schwelle,52957,Salzkotten,5774036,"(465073.86, 5726507.72, 469411.7, 5729793.22)"
Siddinghausen,52958,Büren,5774016,"(465984.78, 5704140.79, 468966.36, 5709388.7)"
Upsprunge,52961,Salzkotten,5774036,"(470631.89, 5719165.21, 474086.09, 5723219.6)"
Verlar,52962,Salzkotten,5774036,"(463895.27, 5725361.51, 467530.09, 5727643.09)"
Weiberg,52964,Büren,5774016,"(470551.53, 5705307.35, 473811.85, 5708212.57)"
Weine,52965,Büren,5774016,"(464299.55, 5708706.22, 468020.0, 5711653.2)"
Hanselaer,53003,Kalkar,5154024,"(313296.14, 5733417.94, 315848.29, 5737342.59)"
Hassum,53007,Goch,5154016,"(296046.25, 5726997.8, 300097.57, 5730882.76)"
Hommersum,53008,Goch,5154016,"(294536.08, 5728377.17, 296969.85, 5733199.73)"
Hülm,53009,Goch,5154016,"(298837.95, 5722048.66, 303343.74, 5727928.92)"
Altkalkar,53010,Kalkar,5154024,"(309804.27, 5731937.99, 315211.12, 5737479.79)"
Kalkar,53011,Kalkar,5154024,"(312557.87, 5734313.87, 314090.92, 5737272.29)"
Neulouisendorf,53012,Kalkar,5154024,"(310297.51, 5730581.14, 314704.06, 5733894.11)"
Goch,53015,Goch,5154016,"(300837.09, 5726580.74, 306064.7, 5731405.02)"
Grieth,53018,Kalkar,5154024,"(312870.41, 5739956.35, 315360.11, 5741612.95)"
Huisberden,53019,Bedburg-Hau,5154004,"(306906.75, 5740714.29, 309986.48, 5743856.75)"
Wissel,53020,Kalkar,5154024,"(310197.64, 5737282.44, 314565.61, 5741252.59)"
Brienen,53022,Kleve,5154036,"(302918.48, 5744159.16, 304673.03, 5745861.13)"
Griethausen,53023,Kleve,5154036,"(304272.18, 5743571.47, 306703.36, 5745727.89)"
Schenkenschanz,53026,Kleve,5154036,"(300058.95, 5746353.71, 301169.8, 5746952.58)"
Warbeyen,53027,Kleve,5154036,"(305449.91, 5741584.61, 308534.32, 5745166.36)"
Wyler,53036,Kranenburg,5154040,"(289496.52, 5742743.14, 291994.82, 5745143.8)"
Wardhausen,53028,Kleve,5154036,"(301150.84, 5743531.86, 303162.66, 5746324.39)"
Broich,53208,Dormagen,5162004,"(339398.84, 5660822.58, 341836.05, 5663515.24)"
Keeken,53029,Kleve,5154036,"(295901.15, 5745619.26, 300101.72, 5748742.34)"
Rindern,53030,Kleve,5154036,"(299321.9, 5742494.51, 303189.5, 5746069.05)"
Gerresheim,53116,Düsseldorf,5111000,"(348167.85, 5674795.66, 352394.57, 5681318.44)"
Keppeln,53031,Uedem,5154056,"(307201.95, 5727761.55, 314618.48, 5733006.47)"
Heisingen,53151,Essen,5113000,"(363498.69, 5694604.7, 366607.91, 5698389.99)"
Donsbrüggen,53033,Kleve,5154036,"(298612.6, 5741870.49, 301124.8, 5744607.42)"
Mehr,53034,Kranenburg,5154040,"(294147.28, 5743209.7, 299321.9, 5746224.94)"
Niel,53035,Kranenburg,5154040,"(292716.23, 5744047.15, 296382.43, 5747985.43)"
Zyfflich,53037,Kranenburg,5154040,"(289473.62, 5743027.57, 294179.09, 5747259.89)"
Louisendorf,53039,Bedburg-Hau,5154004,"(306889.09, 5732792.43, 311156.82, 5736679.42)"
Till-Moyland,53041,Bedburg-Hau,5154004,"(306806.28, 5735477.76, 312566.27, 5741360.83)"
Anrath,53044,Willich,5166036,"(321295.31, 5681820.0, 325608.74, 5685726.03)"
Bockum,53045,Krefeld,5114000,"(331004.73, 5689465.75, 335285.16, 5692926.97)"
Gellep-Stratum,53051,Krefeld,5114000,"(335164.09, 5686776.34, 340222.48, 5690511.93)"
Ilverich,53052,Meerbusch,5162022,"(337448.26, 5682417.8, 340871.18, 5685903.38)"
Langst-Kierst,53053,Meerbusch,5162022,"(339017.44, 5684518.22, 341944.56, 5686847.81)"
Lank,53054,Meerbusch,5162022,"(336690.6, 5684541.21, 339389.82, 5686640.24)"
Ossum-Bösinghoven,53057,Meerbusch,5162022,"(334052.35, 5684206.88, 336957.09, 5687032.86)"
Strümp,53058,Meerbusch,5162022,"(334383.61, 5682047.38, 338053.37, 5685437.2)"
Osterath,53060,Meerbusch,5162022,"(331600.71, 5680342.9, 336710.49, 5684664.85)"
Uerdingen,53061,Krefeld,5114000,"(334283.47, 5691009.85, 338525.97, 5695882.78)"
Willich,53062,Willich,5166036,"(323993.88, 5679373.41, 334325.01, 5686160.37)"
Untensiebeneick,53067,Velbert,5158032,"(368214.11, 5684996.78, 369973.91, 5686523.96)"
Bruckhausen,53068,Hünxe,5170016,"(341190.76, 5717311.99, 348885.13, 5721562.71)"
Bucholtwelmen,53069,Hünxe,5170016,"(339590.18, 5720586.94, 344982.51, 5724369.84)"
Gartrop-Bühl,53071,Hünxe,5170016,"(345932.27, 5720913.99, 352660.72, 5726864.77)"
Hünxe,53072,Hünxe,5170016,"(343507.92, 5719250.31, 352501.18, 5725034.47)"
Görsicker,53073,Voerde (Niederrhein),5170044,"(336996.57, 5716532.85, 338926.83, 5718253.67)"
Löhnen,53074,Voerde (Niederrhein),5170044,"(335028.27, 5716836.72, 338543.4, 5719895.68)"
Alstaden,53085,Oberhausen,5119000,"(347800.85, 5701961.89, 350375.0, 5704190.45)"
Oberhausen-Dümpten,53091,Oberhausen,5119000,"(351739.28, 5702875.49, 354142.39, 5704689.27)"
Raadt,53093,Mülheim an der Ruhr,5117000,"(355195.54, 5695836.07, 357091.73, 5697988.59)"
Oberhausen-Styrum,53097,Oberhausen,5119000,"(350234.67, 5702922.41, 351876.52, 5703799.0)"
Garath,53106,Düsseldorf,5111000,"(352618.93, 5665755.04, 354840.93, 5668335.86)"
Himmelgeist,53107,Düsseldorf,5111000,"(345298.35, 5668000.65, 348121.77, 5673120.05)"
Itter-Holthausen,53108,Düsseldorf,5111000,"(346854.98, 5669329.23, 350420.61, 5672388.14)"
Urdenbach,53109,Düsseldorf,5111000,"(349464.8, 5666048.67, 353635.62, 5670454.77)"
Grafenberg,53117,Düsseldorf,5111000,"(347501.7, 5677454.61, 349264.22, 5680052.89)"
Lierenfeld,53120,Düsseldorf,5111000,"(346912.08, 5674212.02, 349020.15, 5676168.45)"
Hubbelrath,53122,Düsseldorf,5111000,"(351378.07, 5678277.95, 356301.22, 5682602.11)"
Meiersberg,53123,Ratingen,5158028,"(355426.95, 5682915.74, 359351.13, 5686078.76)"
Metzkausen,53124,Mettmann,5158024,"(355332.38, 5679227.38, 358946.95, 5683626.08)"
Kaiserswerth,53126,Düsseldorf,5111000,"(340850.95, 5684321.24, 343351.51, 5688118.09)"
Bockum,53127,Düsseldorf,5111000,"(340788.19, 5688247.15, 343368.51, 5690715.7)"
Altenessen,53136,Essen,5113000,"(359909.94, 5703879.12, 364344.25, 5709215.18)"
Karnap,53137,Essen,5113000,"(360248.84, 5708283.67, 362925.64, 5711126.75)"
Katernberg,53138,Essen,5113000,"(362772.04, 5705488.09, 366307.68, 5708569.57)"
Frillendorf,53139,Essen,5113000,"(363489.62, 5701956.02, 365549.41, 5704286.69)"
Huttrop,53140,Essen,5113000,"(362612.58, 5700312.43, 365325.83, 5702364.06)"
Kray,53141,Essen,5113000,"(364773.33, 5701814.84, 368198.48, 5705406.37)"
Leithe,53142,Essen,5113000,"(366619.38, 5701919.93, 369017.47, 5705017.29)"
Holsterhausen,53143,Essen,5113000,"(359124.41, 5699780.46, 361191.73, 5702128.43)"
Rüttenscheid,53144,Essen,5113000,"(358863.85, 5698118.56, 363011.71, 5700867.24)"
Schonnebeck,53145,Essen,5113000,"(364153.3, 5703965.68, 366402.78, 5705952.45)"
Stoppenberg,53146,Essen,5113000,"(362490.6, 5703436.8, 365122.49, 5707040.38)"
Altendorf,53147,Essen,5113000,"(357863.3, 5702125.66, 360278.51, 5704174.86)"
Borbeck,53148,Essen,5113000,"(356165.44, 5703245.59, 358393.11, 5706364.93)"
Essen,53149,Essen,5113000,"(359815.2, 5700560.79, 364144.15, 5704663.07)"
Stenden,53161,Kerken,5154028,"(319071.16, 5697992.97, 324344.56, 5701904.46)"
Geldern,53163,Geldern,5154012,"(313256.28, 5707418.12, 316951.56, 5712297.7)"
Hinsbeck,53164,Nettetal,5166016,"(307800.23, 5688415.59, 313277.2, 5693355.99)"
Issum,53165,Issum,5154020,"(318144.1, 5710057.28, 326579.61, 5717026.58)"
Kervenheim,53166,Kevelaer,5154032,"(311134.73, 5723083.14, 311889.23, 5724146.48)"
Twisteden,53171,Kevelaer,5154032,"(302965.98, 5712108.08, 307819.25, 5717404.62)"
Gohr,53357,Dormagen,5162004,"(338700.61, 5662033.9, 341751.54, 5665483.07)"
Leuth,53173,Nettetal,5166016,"(304274.55, 5688780.24, 309499.25, 5694168.37)"
Nieukerk,53174,Kerken,5154028,"(313540.81, 5702158.57, 320699.03, 5707764.85)"
Pont,53176,Geldern,5154012,"(309974.95, 5705264.4, 313773.56, 5711096.24)"
Veert,53177,Geldern,5154012,"(309912.28, 5710064.19, 314028.45, 5713764.5)"
Vernum,53179,Geldern,5154012,"(313985.26, 5706438.74, 319482.36, 5711358.15)"
Wachtendonk,53181,Wachtendonk,5154060,"(312947.86, 5695302.71, 318958.39, 5702964.92)"
Walbeck,53182,Geldern,5154012,"(305817.82, 5707129.35, 311715.07, 5714288.02)"
Herongen,53183,Straelen,5154052,"(306357.54, 5692829.38, 310375.58, 5697975.8)"
Kalbeck,53185,Weeze,5154064,"(305835.85, 5724418.0, 310182.87, 5728913.26)"
Wissen,53187,Weeze,5154064,"(304129.13, 5718699.36, 310025.95, 5723670.81)"
Pesch,53189,Korschenbroich,5162020,"(326396.07, 5672331.9, 328663.07, 5674894.29)"
Hardt-Alte,53193,Mönchengladbach,5116000,"(312233.65, 5673389.3, 316556.24, 5678614.8)"
Liedberg,53195,Korschenbroich,5162020,"(326751.95, 5668235.64, 329643.49, 5672587.14)"
Neersen,53196,Willich,5166036,"(319550.68, 5679086.16, 325233.21, 5684254.03)"
Rheydt,53199,Mönchengladbach,5116000,"(318181.05, 5669816.35, 324782.27, 5674131.47)"
Giesenkirchen,53200,Mönchengladbach,5116000,"(322920.7, 5668846.39, 325704.74, 5672436.42)"
Schiefbahn,53202,Willich,5166036,"(324546.91, 5677481.01, 330519.77, 5681886.55)"
Elsen,53205,Grevenbroich,5162008,"(327834.42, 5661971.92, 331860.52, 5665783.53)"
Elfgen,53206,Grevenbroich,5162008,"(326260.35, 5661065.26, 328868.62, 5663409.94)"
Laach,53207,Grevenbroich,5162008,"(328629.92, 5661138.7, 330431.18, 5662639.3)"
Hoeningen,53209,Rommerskirchen,5162028,"(335217.26, 5661112.68, 339897.87, 5664761.46)"
Oekoven,53210,Rommerskirchen,5162028,"(334945.36, 5658377.38, 339491.19, 5662455.04)"
Frimmersdorf,53211,Grevenbroich,5162008,"(328036.96, 5655052.11, 332317.82, 5659550.3)"
Neurath,53212,Grevenbroich,5162008,"(329833.69, 5654652.37, 334415.51, 5658277.22)"
Garzweiler,53213,Jüchen,5162012,"(321884.34, 5656888.78, 327412.82, 5663536.4)"
Allrath,53214,Grevenbroich,5162008,"(331745.57, 5657567.25, 335052.39, 5661956.85)"
Barrenstein,53215,Grevenbroich,5162008,"(332698.24, 5659816.03, 336007.67, 5662762.43)"
Neuenhausen,53217,Grevenbroich,5162008,"(330316.33, 5658761.74, 332822.95, 5661730.35)"
Reichswalde,53481,Kleve,5154036,"(298284.27, 5735921.76, 301640.87, 5739317.34)"
Gindorf,53218,Grevenbroich,5162008,"(326620.6, 5658314.35, 330607.72, 5660305.0)"
Altenbödingen,54003,Hennef (Sieg),5382020,"(379123.98, 5626003.48, 384816.21, 5629315.24)"
Gustorf,53219,Grevenbroich,5162008,"(326678.1, 5659577.06, 331062.34, 5661741.14)"
Kurscheid,54039,Hennef (Sieg),5382020,"(379366.33, 5619854.85, 381834.73, 5623916.66)"
Lauthausen,54040,Hennef (Sieg),5382020,"(381082.46, 5625403.19, 385221.04, 5628787.11)"
Leuscheid,54041,Windeck,5382076,"(394737.78, 5621675.32, 402591.45, 5627327.63)"
Lichtenberg,54042,Hennef (Sieg),5382020,"(380834.09, 5620104.8, 384435.02, 5623879.42)"
Linkenbach,54043,Eitorf,5382016,"(388060.3, 5618936.84, 394673.31, 5624656.16)"
Lohmar,54044,Lohmar,5382028,"(372583.39, 5630380.83, 377663.46, 5635024.53)"
Löbach,54045,Much,5382036,"(385982.9, 5633387.02, 390404.9, 5638783.23)"
Lülsdorf,54046,Niederkassel,5382044,"(357693.55, 5631595.15, 363561.09, 5634964.76)"
Kapellen,53220,Grevenbroich,5162008,"(332193.12, 5665143.61, 335854.74, 5668557.75)"
Hemmerden,53221,Grevenbroich,5162008,"(330329.71, 5664385.18, 334805.71, 5669597.1)"
Hoisten,53222,Neuss,5162024,"(336493.04, 5666966.24, 339955.99, 5669919.44)"
Neukirchen,53223,Grevenbroich,5162008,"(334610.27, 5663587.34, 340075.37, 5668631.09)"
Kelzenberg,53225,Jüchen,5162012,"(322736.7, 5664800.06, 327394.32, 5669483.08)"
Hochneukirch,53226,Jüchen,5162012,"(320389.8, 5659236.75, 323850.89, 5666027.41)"
Wanlo,53227,Mönchengladbach,5116000,"(316914.39, 5662523.0, 321033.73, 5664910.53)"
Kleinehöhe,53232,Velbert,5158032,"(365309.98, 5684139.18, 367684.48, 5685406.86)"
Boisheim,53233,Viersen,5166032,"(309156.83, 5682051.62, 312561.35, 5684971.62)"
Hüls,53244,Krefeld,5114000,"(324515.43, 5690475.84, 328589.98, 5697514.29)"
Kaldenkirchen,53245,Nettetal,5166016,"(301625.33, 5686462.49, 306705.76, 5691195.66)"
Mehrhoog,53248,Hamminkeln,5170012,"(326209.09, 5732917.87, 330490.57, 5737727.34)"
Oedt,53250,Grefrath,5166008,"(315577.56, 5686960.76, 319220.58, 5695322.82)"
St.Tönis,53253,Tönisvorst,5166028,"(322928.35, 5686730.91, 326922.95, 5691690.27)"
Süchteln,53254,Viersen,5166032,"(312685.41, 5682295.51, 320472.0, 5688950.36)"
Tönisberg,53255,Kempen,5166012,"(323716.79, 5697028.4, 328595.05, 5700016.6)"
Vorst,53256,Tönisvorst,5166028,"(317975.55, 5683835.94, 325857.55, 5690939.32)"
Burg,53257,Solingen,5122000,"(368161.27, 5664154.42, 372232.42, 5668752.1)"
Erkrath,53261,Erkrath,5158004,"(351394.3, 5673316.33, 356412.03, 5678932.48)"
Hasselbeck,53262,Ratingen,5158028,"(350075.32, 5681344.61, 356025.8, 5684322.08)"
Lennep,53263,Remscheid,5120000,"(376427.59, 5670444.96, 380803.04, 5674687.43)"
Lüttringhausen,53264,Remscheid,5120000,"(371658.57, 5672672.19, 379290.04, 5676529.98)"
Kuhlendahl,53265,Velbert,5158032,"(365336.62, 5686162.47, 369154.9, 5688632.22)"
Remscheid,53266,Remscheid,5120000,"(369305.7, 5667282.52, 377269.23, 5674437.58)"
Ronsdorf,53267,Wuppertal,5124000,"(371704.32, 5674867.62, 378313.17, 5680073.81)"
Neviges,53268,Velbert,5158032,"(365565.29, 5684927.07, 368462.66, 5687433.46)"
Fünfzehnhöfe,53269,Remscheid,5120000,"(376929.27, 5668739.49, 381620.37, 5674243.83)"
Nordrath,53270,Velbert,5158032,"(369745.46, 5686070.35, 372455.57, 5688856.17)"
Haan,53271,Haan,5158008,"(357428.64, 5670871.67, 363648.36, 5675718.54)"
Bergisch Born,53272,Remscheid,5120000,"(377964.69, 5667216.41, 381837.66, 5672263.62)"
Gruiten,53273,Haan,5158008,"(359057.08, 5674745.48, 363075.85, 5678822.66)"
Hochdahl,53274,Erkrath,5158004,"(354794.23, 5673352.81, 359981.59, 5677225.46)"
Obgruiten,53275,Haan,5158008,"(361139.37, 5675134.91, 363986.16, 5677486.6)"
Alpen,53284,Alpen,5170004,"(326405.29, 5715563.55, 328867.96, 5718702.53)"
Alpsray,53285,Rheinberg,5170032,"(329286.66, 5711391.29, 330698.85, 5713626.95)"
Stockem,54075,Niederkassel,5382044,"(364476.67, 5631235.91, 366227.12, 5633027.64)"
Bönninghardt,53286,Alpen,5170004,"(324295.2, 5715348.2, 327687.15, 5719036.23)"
Drüpt,53287,Alpen,5170004,"(328089.84, 5716007.65, 331143.56, 5718596.2)"
Huck,53288,Alpen,5170004,"(327741.59, 5714409.02, 329948.21, 5716898.39)"
Millingen,53289,Rheinberg,5170032,"(330104.37, 5715016.47, 331488.93, 5716647.17)"
Baerl,53290,Duisburg,5112000,"(335363.89, 5703394.45, 342070.36, 5710654.41)"
Budberg,53291,Rheinberg,5170032,"(333915.62, 5709511.82, 337191.4, 5713732.01)"
Uckendorf,54078,Niederkassel,5382044,"(363050.72, 5630922.45, 365159.84, 5632796.78)"
Uckerath,54079,Hennef (Sieg),5382020,"(384031.47, 5618725.64, 389794.93, 5622309.37)"
Eversael,53292,Rheinberg,5170032,"(335729.68, 5711478.54, 338155.2, 5715361.63)"
Rheinhausen,53297,Duisburg,5112000,"(337412.73, 5693527.35, 343148.79, 5701006.37)"
Kaldenhausen,53302,Duisburg,5112000,"(335508.41, 5694964.86, 338206.86, 5697075.09)"
Hoerstgen,53307,Kamp-Lintfort,5170020,"(322994.37, 5707988.92, 325256.7, 5711786.32)"
Marienbaum,53309,Xanten,5170052,"(317214.84, 5729746.77, 320288.28, 5732314.05)"
Schwafheim,53316,Moers,5170024,"(334902.21, 5697809.94, 337785.17, 5700610.32)"
Borth,53321,Rheinberg,5170032,"(329932.9, 5717049.74, 332418.08, 5721704.17)"
Ossenberg,53322,Rheinberg,5170032,"(330883.93, 5715360.56, 333638.58, 5718617.26)"
Wallach,53323,Rheinberg,5170032,"(330652.36, 5718316.26, 333609.57, 5722086.02)"
Winterswick,53326,Rheinberg,5170032,"(333251.25, 5710651.95, 335364.13, 5712234.73)"
Rayen,53327,Neukirchen-Vluyn,5170028,"(326777.55, 5702123.42, 329417.19, 5706300.16)"
Vluynbusch,53329,Neukirchen-Vluyn,5170028,"(326209.21, 5702025.81, 328145.76, 5706146.86)"
Hamb,53331,Sonsbeck,5170040,"(317694.89, 5715331.49, 321051.28, 5717950.52)"
Bönning,53334,Alpen,5170004,"(327605.03, 5718281.22, 330127.36, 5719450.74)"
Büttgen,53346,Kaarst,5162016,"(329558.71, 5672411.25, 335555.87, 5678078.06)"
Dormagen,53347,Dormagen,5162004,"(346020.52, 5660349.97, 351823.05, 5665286.67)"
Hackenbroich,53348,Dormagen,5162004,"(343138.94, 5657200.3, 348196.48, 5662599.2)"
Glehn,53349,Korschenbroich,5162020,"(328466.69, 5668332.89, 334086.53, 5672950.69)"
Grefrath,53350,Neuss,5162024,"(333187.02, 5669287.6, 337024.3, 5673147.72)"
Uedesheim,53352,Neuss,5162024,"(343963.11, 5669480.23, 346087.46, 5672103.09)"
Heerdt,53353,Düsseldorf,5111000,"(338635.7, 5676657.82, 344219.25, 5680802.0)"
Frixheim-Anstel,53356,Rommerskirchen,5162028,"(338379.34, 5658025.56, 342848.34, 5661505.96)"
Nettesheim-Butzheim,53358,Rommerskirchen,5162028,"(337270.54, 5655839.1, 343112.5, 5659480.68)"
Nievenheim,53360,Dormagen,5162004,"(340743.64, 5662774.03, 346290.41, 5668517.23)"
Straberg,53361,Dormagen,5162004,"(341575.91, 5659435.94, 346222.73, 5663884.65)"
Rosellen,53363,Neuss,5162024,"(339607.08, 5665291.51, 344098.77, 5669036.15)"
Rommerskirchen,53364,Rommerskirchen,5162028,"(333568.21, 5653975.53, 340875.97, 5659675.49)"
Borghees,53366,Emmerich am Rhein,5154008,"(306864.32, 5748010.6, 310513.25, 5750219.13)"
Lackhausen,53368,Wesel,5170048,"(334777.7, 5727228.13, 339400.47, 5730431.95)"
Klein-Netterden,53371,Emmerich am Rhein,5154008,"(309995.07, 5746008.57, 314867.32, 5750619.66)"
Groin,53372,Rees,5154044,"(320686.16, 5738522.22, 322907.38, 5741170.42)"
Heeren-Herken,53375,Rees,5154044,"(322630.56, 5739561.09, 325721.95, 5742427.76)"
Loikum,53376,Hamminkeln,5170012,"(329971.04, 5736320.39, 333920.34, 5741052.18)"
Wertherbruch,53377,Hamminkeln,5170012,"(326915.14, 5737596.05, 331893.86, 5743551.46)"
Empel,53380,Rees,5154044,"(320333.18, 5740043.98, 324258.0, 5742591.55)"
Hardt-Neue,53382,Mönchengladbach,5116000,"(315183.81, 5672922.9, 318001.24, 5677321.88)"
Bergswick,53385,Rees,5154044,"(321603.54, 5736826.0, 325332.52, 5739191.51)"
Esserden,53386,Rees,5154044,"(317465.84, 5738275.46, 319826.29, 5741076.56)"
Reesereyland,53387,Rees,5154044,"(320755.71, 5734532.51, 323300.52, 5737653.44)"
Speldrop,53389,Rees,5154044,"(318901.83, 5738668.53, 320609.14, 5740538.9)"
Bislich,53390,Wesel,5170048,"(324505.72, 5726307.0, 330605.04, 5733189.52)"
Seligenthal,54090,Siegburg,5382060,"(377722.24, 5627886.13, 379232.97, 5629786.97)"
Süchterscheid,54091,Hennef (Sieg),5382020,"(385039.4, 5619842.19, 388887.97, 5624710.28)"
Diersfordt,53391,Wesel,5170048,"(328856.64, 5727922.29, 332139.81, 5731926.38)"
Ringenberg,53394,Hamminkeln,5170012,"(333327.93, 5733204.19, 336654.11, 5738911.12)"
Krudenburg,53397,Hünxe,5170016,"(343585.67, 5724139.64, 345691.08, 5725765.34)"
Damm,53398,Schermbeck,5170036,"(345347.78, 5725465.52, 350216.81, 5733179.62)"
Drevenack,53400,Hünxe,5170016,"(338891.11, 5723954.17, 346353.41, 5731748.94)"
Overbeck,53401,Schermbeck,5170036,"(349971.34, 5730235.35, 352870.21, 5733964.24)"
Schermbeck,53402,Schermbeck,5170036,"(350965.58, 5727534.17, 353528.12, 5730347.7)"
Weselerwald,53403,Schermbeck,5170036,"(341086.68, 5730113.73, 345827.47, 5734094.53)"
Bienen,53404,Rees,5154044,"(317473.94, 5740116.17, 320736.2, 5744800.75)"
Grietherbusch,53406,Rees,5154044,"(315158.05, 5740992.72, 318040.88, 5743812.59)"
Isenbügel,53415,Heiligenhaus,5158012,"(356359.84, 5688420.65, 359529.93, 5690735.29)"
Ohligs,53416,Solingen,5122000,"(356693.66, 5667422.88, 363702.5, 5672405.16)"
Baumberg,53417,Monheim am Rhein,5158026,"(349982.61, 5663798.26, 353951.49, 5666601.93)"
Monheim,53418,Monheim am Rhein,5158026,"(349614.59, 5659129.45, 355057.51, 5664117.65)"
Leubeck,53419,Heiligenhaus,5158012,"(357668.17, 5684868.05, 360559.2, 5689491.77)"
Tüschen,53420,Heiligenhaus,5158012,"(358419.85, 5689923.04, 361376.33, 5691705.23)"
Flandersbach,53421,Wülfrath,5158036,"(359199.49, 5683896.02, 362247.86, 5687974.49)"
Oberdüssel,53422,Wülfrath,5158036,"(364606.93, 5681018.56, 367444.54, 5684653.01)"
Rützkausen,53423,Wülfrath,5158036,"(361515.87, 5685383.08, 364373.42, 5687773.96)"
Reusrath,53424,Langenfeld (Rhld.),5158020,"(354900.87, 5659267.22, 359166.07, 5663181.54)"
Berghausen,53425,Langenfeld (Rhld.),5158020,"(353274.18, 5662833.51, 356135.28, 5667502.77)"
Richrath,53426,Langenfeld (Rhld.),5158020,"(355184.11, 5664942.23, 358256.7, 5668175.47)"
Wiescheid,53427,Langenfeld (Rhld.),5158020,"(357524.55, 5665244.99, 359954.59, 5668394.56)"
Außenbürgerschaft,53434,Remscheid,5120000,"(376053.3, 5671454.38, 377774.4, 5673438.95)"
Burgaltendorf,53435,Essen,5113000,"(367231.4, 5696745.26, 370516.88, 5699438.67)"
Fulerum,53436,Mülheim an der Ruhr,5117000,"(355817.42, 5697933.58, 358184.96, 5701066.53)"
Winkhausen,53437,Mülheim an der Ruhr,5117000,"(354025.12, 5699840.41, 357852.73, 5702048.65)"
Styrum,53438,Mülheim an der Ruhr,5117000,"(348945.23, 5700657.43, 352591.0, 5702998.22)"
Selbeck,53439,Mülheim an der Ruhr,5117000,"(348561.42, 5691061.4, 353310.19, 5694374.32)"
Ickten,53440,Mülheim an der Ruhr,5117000,"(353733.69, 5693414.7, 357070.15, 5696390.2)"
Vogelheim,53441,Essen,5113000,"(357436.5, 5704686.02, 361009.97, 5708442.57)"
Gerschede,53442,Essen,5113000,"(356154.03, 5704586.12, 357686.68, 5706729.12)"
Dellwig,53443,Essen,5113000,"(354187.79, 5705042.45, 357851.51, 5707381.67)"
Frintrop,53444,Essen,5113000,"(353772.99, 5704487.68, 355747.41, 5706006.55)"
Bedingrade,53445,Essen,5113000,"(353830.87, 5702294.56, 356834.84, 5705456.68)"
Bochold,53446,Essen,5113000,"(357509.66, 5703193.02, 360321.11, 5705680.75)"
Schönebeck,53447,Essen,5113000,"(355137.14, 5701577.75, 358304.07, 5703549.65)"
Frohnhausen,53448,Essen,5113000,"(357582.49, 5700354.56, 360227.4, 5702695.61)"
Fulerum,53449,Essen,5113000,"(357581.56, 5698856.91, 359059.07, 5700623.11)"
Freisenbruch,53452,Essen,5113000,"(367068.22, 5700526.3, 369956.28, 5702827.87)"
Horst,53453,Essen,5113000,"(366637.45, 5699199.76, 370309.27, 5701193.39)"
Schuir,53457,Essen,5113000,"(356881.28, 5693979.09, 359684.6, 5698307.74)"
Oberhausen-Borbeck,53459,Oberhausen,5119000,"(352860.99, 5704652.75, 355717.06, 5707125.81)"
Golzheim,53460,Düsseldorf,5111000,"(342654.62, 5678360.25, 345462.14, 5681407.85)"
Derendorf,53461,Düsseldorf,5111000,"(343982.37, 5678073.37, 347533.42, 5681409.2)"
Mörsenbroich,53462,Düsseldorf,5111000,"(345612.28, 5679204.18, 348181.94, 5681409.78)"
Pempelfort,53463,Düsseldorf,5111000,"(344905.83, 5676397.78, 346348.58, 5679208.49)"
Flingern,53464,Düsseldorf,5111000,"(345818.21, 5675981.81, 349276.53, 5679267.22)"
Oberbilk,53465,Düsseldorf,5111000,"(344830.82, 5674921.3, 348331.6, 5677127.28)"
Unterbilk,53466,Düsseldorf,5111000,"(342822.7, 5673491.44, 345589.45, 5676510.64)"
Neustadt,53467,Düsseldorf,5111000,"(343393.87, 5675944.08, 344450.22, 5676555.34)"
Bimmen,53473,Kleve,5154036,"(296948.48, 5748211.0, 299860.58, 5750137.76)"
Düffelward,53474,Kleve,5154036,"(298489.36, 5744607.42, 301271.7, 5746842.57)"
Grietherort,53476,Rees,5154044,"(314021.38, 5740801.58, 316397.96, 5743186.01)"
Nütterden,53477,Kranenburg,5154040,"(296043.33, 5739445.33, 299334.95, 5743799.61)"
Frasselt,53478,Kranenburg,5154040,"(292317.95, 5736094.25, 297029.76, 5740669.0)"
Materborn,53479,Kleve,5154036,"(296089.5, 5735212.53, 301946.32, 5742284.54)"
Hau,53480,Bedburg-Hau,5154004,"(300872.84, 5735009.07, 306038.1, 5739726.26)"
Nergena,53482,Goch,5154016,"(294793.49, 5731973.26, 299547.43, 5736781.54)"
Nierswalde,53483,Goch,5154016,"(298889.52, 5732643.71, 303637.95, 5736593.5)"
Uedemerbruch,53484,Uedem,5154056,"(313066.37, 5723957.24, 318964.65, 5730667.28)"
Altenrath,54004,Troisdorf,5382068,"(369385.34, 5633642.57, 374348.81, 5637440.05)"
Berghausen,54006,Königswinter,5382024,"(378671.85, 5616354.56, 381668.61, 5618676.69)"
Bergheim-Müllekoven,54007,Troisdorf,5382068,"(364412.19, 5625034.83, 367830.16, 5628206.17)"
Birlinghoven,54008,Sankt Augustin,5382056,"(372887.25, 5622376.15, 375680.51, 5624148.95)"
Blankenberg,54009,Hennef (Sieg),5382020,"(383711.98, 5623455.44, 386804.39, 5626719.67)"
Braschoß,54011,Siegburg,5382060,"(375374.75, 5627979.43, 380995.63, 5632102.81)"
Breidt,54012,Lohmar,5382028,"(377318.26, 5633693.99, 380335.27, 5636595.02)"
Buisdorf,54014,Sankt Augustin,5382056,"(374673.34, 5624812.44, 376329.93, 5628255.5)"
Heisterbacherrott,54028,Königswinter,5382024,"(374099.62, 5616591.12, 375502.21, 5618993.49)"
Herkenrath,54030,Neunkirchen-Seelscheid,5382040,"(378942.33, 5631470.26, 381826.14, 5636139.82)"
Honrath,54031,Lohmar,5382028,"(374683.4, 5638823.76, 380563.69, 5643339.94)"
Honnef,54033,Bad Honnef,5382008,"(372749.62, 5609466.01, 379663.49, 5615315.09)"
Höhe,54034,Windeck,5382076,"(392094.93, 5628020.06, 395681.13, 5631969.91)"
Ittenbach,54036,Königswinter,5382024,"(376216.99, 5614701.87, 379755.49, 5617071.92)"
Kohlberg,54037,Windeck,5382076,"(401320.03, 5628668.3, 405813.48, 5632339.26)"
Königswinter,54038,Königswinter,5382024,"(371511.8, 5613726.68, 376285.09, 5616806.04)"
Meindorf,54048,Sankt Augustin,5382056,"(367820.66, 5625807.72, 370086.16, 5627757.93)"
Merten,54049,Eitorf,5382016,"(385798.65, 5623670.64, 389811.73, 5629387.57)"
Miebach,54050,Much,5382036,"(388047.97, 5641329.9, 391899.67, 5645200.07)"
Mondorf,54051,Niederkassel,5382044,"(362644.38, 5625711.55, 365307.31, 5629219.41)"
Niederkassel,54054,Niederkassel,5382044,"(360781.73, 5629617.92, 363862.54, 5632922.21)"
Rauschendorf,54063,Königswinter,5382024,"(373476.02, 5620999.01, 376848.42, 5623248.31)"
Rheidt,54064,Niederkassel,5382044,"(361137.27, 5626815.91, 365734.14, 5631181.14)"
Scheiderhöhe,54067,Lohmar,5382028,"(372901.5, 5634926.69, 376902.87, 5639702.64)"
Siegburg-Mülldorf,54070,Sankt Augustin,5382056,"(371381.03, 5625878.85, 373525.32, 5628161.19)"
Söntgerath,54072,Neunkirchen-Seelscheid,5382040,"(381697.55, 5634139.31, 385479.77, 5637228.46)"
Vinxel,54081,Königswinter,5382024,"(372301.46, 5618985.2, 374331.13, 5622091.89)"
Wersch,54085,Much,5382036,"(388356.94, 5636221.24, 391863.71, 5640797.77)"
Winterscheid,54087,Ruppichteroth,5382052,"(382743.62, 5628520.5, 387627.44, 5631935.41)"
Wolsdorf,54089,Siegburg,5382060,"(373953.73, 5627832.94, 376666.42, 5630638.18)"
Adendorf,54101,Wachtberg,5382072,"(361292.68, 5607191.88, 365276.91, 5610971.46)"
Arzdorf,54104,Wachtberg,5382072,"(363752.04, 5607493.65, 366379.44, 5609135.96)"
Berkum,54105,Wachtberg,5382072,"(366508.81, 5608211.98, 368913.09, 5610737.16)"
Buschhoven,54109,Swisttal,5382064,"(355602.74, 5614978.06, 358446.82, 5618359.55)"
Essig,54112,Swisttal,5382064,"(349734.64, 5613160.5, 352059.64, 5614787.57)"
Flerzheim,54113,Rheinbach,5382048,"(355937.55, 5610535.96, 360023.11, 5615412.79)"
Fritzdorf,54115,Wachtberg,5382072,"(363157.23, 5605519.54, 366658.49, 5608795.15)"
Gimmersdorf,54117,Wachtberg,5382072,"(366992.25, 5610324.9, 369520.6, 5611907.73)"
Heimerzheim,54119,Swisttal,5382064,"(350892.03, 5617638.14, 356583.44, 5622332.81)"
Hersel,54120,Bornheim,5382012,"(360401.49, 5624397.35, 363678.93, 5627362.29)"
Holzem,54122,Wachtberg,5382072,"(364913.68, 5608652.98, 366826.65, 5610707.34)"
Impekoven,54123,Alfter,5382004,"(357194.13, 5617075.22, 360533.21, 5620148.42)"
Kardorf-Hemmerich,54125,Bornheim,5382012,"(352067.95, 5622198.73, 355660.96, 5627227.0)"
Ludendorf,54130,Swisttal,5382064,"(348798.84, 5613844.83, 352359.31, 5616179.34)"
Lüftelberg,54131,Meckenheim,5382032,"(358162.22, 5611879.33, 360456.76, 5614607.19)"
Laffeld,54571,Heinsberg (Rhld.),5370016,"(292483.31, 5656687.24, 294741.85, 5659487.82)"
Miel,54136,Swisttal,5382064,"(351700.01, 5613532.76, 355850.12, 5618146.78)"
Morenhoven,54137,Swisttal,5382064,"(353890.45, 5613347.13, 357833.03, 5616515.71)"
Niederbachem,54140,Wachtberg,5382072,"(370306.71, 5609400.62, 372388.97, 5612792.48)"
Niederdrees,54141,Rheinbach,5382048,"(351521.27, 5612201.54, 354481.06, 5614306.83)"
Oberbachem,54142,Wachtberg,5382072,"(368599.76, 5609035.55, 371312.66, 5611685.28)"
Oberdrees,54143,Rheinbach,5382048,"(351380.19, 5609402.72, 354177.81, 5612606.32)"
Odendorf,54144,Swisttal,5382064,"(348559.3, 5611418.2, 351933.45, 5614050.28)"
Ollheim,54145,Swisttal,5382064,"(349591.48, 5615389.05, 353730.86, 5619931.11)"
Pech,54147,Wachtberg,5382072,"(365223.04, 5611356.28, 367676.36, 5613684.94)"
Queckenberg,54149,Rheinbach,5382048,"(350237.97, 5604090.97, 352218.69, 5607878.9)"
Rösberg,54153,Bornheim,5382012,"(349045.05, 5623727.1, 354107.1, 5626650.19)"
Sechtem,54156,Bornheim,5382012,"(354523.24, 5626604.91, 358861.05, 5630048.86)"
Straßfeld,54158,Swisttal,5382064,"(348456.39, 5617446.96, 350641.58, 5619799.31)"
Ülpenich,54462,Zülpich,5366044,"(335756.42, 5614769.11, 338382.48, 5617425.94)"
Uedorf,54159,Bornheim,5382012,"(360077.87, 5626316.33, 362002.94, 5628085.89)"
Villip,54160,Wachtberg,5382072,"(363412.23, 5609724.63, 367087.27, 5612787.26)"
Walberberg,54161,Bornheim,5382012,"(349428.93, 5627518.16, 355092.49, 5630215.0)"
Waldorf,54162,Bornheim,5382012,"(353056.61, 5621940.45, 357012.08, 5627103.61)"
Werthhoven,54163,Wachtberg,5382072,"(367070.11, 5607017.8, 369283.74, 5609258.19)"
Weiler i.d.Ebene,54467,Zülpich,5366044,"(337213.28, 5622363.45, 339431.63, 5625180.84)"
Widdig,54164,Bornheim,5382012,"(358639.85, 5627171.77, 361403.59, 5629729.82)"
Züllighoven,54167,Wachtberg,5382072,"(368653.03, 5608298.3, 370822.33, 5609470.42)"
Kornelimünster,54177,Aachen,5334002,"(299567.81, 5621824.66, 302713.12, 5624671.81)"
Hespert,54210,Reichshof,5374040,"(409600.6, 5644992.08, 414837.59, 5648674.88)"
Holpe,54211,Morsbach,5374028,"(404642.2, 5630496.68, 409467.49, 5636501.77)"
Lichtenberg,54212,Morsbach,5374028,"(406987.79, 5634148.41, 413178.38, 5641395.62)"
Lieberhausen,54213,Gummersbach,5374012,"(401995.84, 5654256.47, 409882.87, 5660230.43)"
Hoengen,54257,Alsdorf,5334004,"(301435.63, 5636281.53, 305125.02, 5640837.49)"
Kinzweiler,54258,Eschweiler,5334012,"(302788.92, 5634141.43, 307403.96, 5639293.35)"
Weisweiler,54263,Eschweiler,5334012,"(309388.86, 5631467.59, 312808.37, 5636935.38)"
Baesweiler,54264,Baesweiler,5334008,"(298922.83, 5641634.46, 303782.41, 5646499.96)"
Oidtweiler,54265,Baesweiler,5334008,"(299318.04, 5640838.51, 303356.75, 5642913.17)"
Puffendorf,54266,Baesweiler,5334008,"(300519.9, 5644287.4, 305346.08, 5648021.69)"
Dürwiss,54267,Eschweiler,5334012,"(305733.97, 5634248.33, 309710.91, 5638571.89)"
Lohn,54269,Eschweiler,5334012,"(306721.56, 5635593.94, 311400.13, 5640402.99)"
Setterich,54271,Baesweiler,5334008,"(302521.38, 5643178.49, 305237.05, 5645997.21)"
Rohren,54274,Monschau,5334020,"(306630.21, 5600242.84, 311969.34, 5604340.81)"
Imgenbroich,54275,Monschau,5334020,"(302753.06, 5603099.26, 309968.04, 5607960.01)"
Kesternich,54279,Simmerath,5334028,"(309596.34, 5607646.9, 313497.03, 5610862.81)"
Steckenborn,54280,Simmerath,5334028,"(311802.14, 5610392.43, 315057.97, 5614550.49)"
Rott,54284,Roetgen,5334024,"(301885.43, 5616121.47, 307338.85, 5620711.42)"
Buschdorf,54303,Bonn,5314000,"(361507.03, 5623447.2, 363760.95, 5625518.39)"
Holzlar,54309,Bonn,5314000,"(370090.18, 5621024.61, 373626.94, 5624255.35)"
Ippendorf,54310,Bonn,5314000,"(364047.3, 5616921.12, 365183.44, 5619668.96)"
Kessenich,54311,Bonn,5314000,"(364538.33, 5616120.22, 368921.65, 5620962.72)"
Lannesdorf,54312,Bonn,5314000,"(367208.27, 5612259.92, 372145.06, 5615547.32)"
Lengsdorf,54313,Bonn,5314000,"(362208.88, 5615540.35, 364394.59, 5620510.37)"
Lessenich,54314,Bonn,5314000,"(360933.17, 5620396.08, 363004.04, 5622278.94)"
Mehlem,54315,Bonn,5314000,"(370821.43, 5611625.0, 373505.2, 5614860.55)"
Oberkassel,54317,Bonn,5314000,"(369652.58, 5618439.49, 372708.19, 5621009.03)"
Plittersdorf,54318,Bonn,5314000,"(368469.11, 5616520.6, 371056.75, 5620078.77)"
Röttgen,54320,Bonn,5314000,"(360306.06, 5610776.78, 367296.58, 5618329.98)"
Rüngsdorf,54321,Bonn,5314000,"(370151.89, 5615151.39, 371806.02, 5616877.1)"
Mülheim,54326,Blankenheim,5366008,"(333493.84, 5589008.45, 337160.05, 5593345.71)"
Reetz,54327,Blankenheim,5366008,"(334399.79, 5586620.46, 338039.37, 5590860.63)"
Kall,54331,Kall,5366024,"(324126.97, 5600468.35, 329293.67, 5604206.97)"
Sistig,54335,Kall,5366024,"(322267.69, 5594950.37, 326679.07, 5599272.77)"
Golbach,54337,Kall,5366024,"(323342.95, 5598917.21, 325985.38, 5601264.61)"
Alendorf,54342,Blankenheim,5366008,"(330808.14, 5579685.67, 333387.15, 5583352.13)"
Eicks,54347,Mechernich,5366028,"(328648.43, 5608143.42, 332261.47, 5611687.51)"
Berg,54348,Mechernich,5366028,"(327341.06, 5609118.76, 330652.21, 5613005.49)"
Floisdorf,54349,Mechernich,5366028,"(328656.79, 5609933.0, 332480.76, 5614010.18)"
Glehn,54350,Mechernich,5366028,"(326908.07, 5606783.07, 330843.21, 5610039.16)"
Hostel,54351,Mechernich,5366028,"(329879.13, 5606223.22, 332027.44, 5609139.89)"
Harperscheid,54353,Schleiden,5366036,"(315480.86, 5597925.15, 318987.38, 5600652.81)"
Broich,54354,Schleiden,5366036,"(321976.22, 5598671.24, 323816.72, 5601098.04)"
Bronsfeld,54355,Schleiden,5366036,"(316876.27, 5597648.85, 320270.97, 5600397.88)"
Oberhausen,54356,Schleiden,5366036,"(318078.12, 5597254.71, 321274.34, 5599689.93)"
Schöneseiffen,54357,Schleiden,5366036,"(311940.81, 5597334.96, 316393.37, 5601148.66)"
Bouderath,54363,Nettersheim,5366032,"(338578.65, 5597369.26, 340093.4, 5599610.34)"
Juntersdorf,54491,Zülpich,5366044,"(329908.85, 5616720.43, 332542.19, 5618694.0)"
Buir,54364,Nettersheim,5366032,"(337851.24, 5594036.22, 341716.56, 5596623.52)"
Engelgau,54365,Nettersheim,5366032,"(332883.42, 5592974.31, 336630.81, 5598029.24)"
Frohngau,54366,Nettersheim,5366032,"(333005.8, 5592608.59, 339044.73, 5597688.18)"
Roderath,54367,Nettersheim,5366032,"(336483.58, 5596962.59, 339051.32, 5599603.05)"
Lindweiler,54369,Blankenheim,5366008,"(338882.98, 5591423.56, 341471.13, 5593448.98)"
Keldenich,54371,Kall,5366024,"(327375.48, 5598233.51, 330894.29, 5601888.79)"
Ahrdorf,54374,Blankenheim,5366008,"(340010.7, 5580951.88, 343741.36, 5584815.84)"
Nettersheim,54378,Nettersheim,5366032,"(329963.71, 5592452.52, 333534.99, 5599046.24)"
Urft,54380,Kall,5366024,"(327210.21, 5596632.97, 330143.58, 5598663.17)"
Pesch,54383,Nettersheim,5366032,"(334602.7, 5597976.31, 338196.49, 5601450.76)"
Berk,54386,Dahlem,5366012,"(316110.71, 5582172.57, 320599.99, 5587074.48)"
Vussem-Bergheim,54387,Mechernich,5366028,"(332707.28, 5603276.96, 335405.34, 5605828.91)"
Breitenbenden,54388,Mechernich,5366028,"(334528.87, 5604498.75, 336316.19, 5606562.08)"
Wehr,54503,Selfkant,5370024,"(282698.61, 5652396.75, 284844.5, 5655111.81)"
Harzheim,54389,Mechernich,5366028,"(334641.02, 5600945.91, 337415.84, 5604864.25)"
Hillensberg,54504,Selfkant,5370024,"(281884.46, 5651556.93, 284420.18, 5652968.3)"
Holzheim,54390,Mechernich,5366028,"(335554.52, 5602709.3, 338738.5, 5605564.76)"
Lorbach,54391,Mechernich,5366028,"(331117.61, 5602554.33, 334032.31, 5604712.32)"
Wallenthal,54396,Kall,5366024,"(327528.52, 5601474.41, 330511.88, 5605354.6)"
Weyer,54397,Mechernich,5366028,"(330431.35, 5599313.5, 335486.62, 5603721.67)"
Kallmuth,54398,Mechernich,5366028,"(329986.75, 5600534.74, 332838.44, 5604600.28)"
Zingsheim,54399,Nettersheim,5366032,"(330732.37, 5596257.5, 336528.57, 5600258.09)"
Antweiler,54401,Mechernich,5366028,"(338787.06, 5607352.78, 342279.76, 5609594.16)"
Hochkirchen,54782,Nörvenich,5358052,"(332747.75, 5628773.01, 335937.55, 5630270.54)"
Arloff,54402,Bad Münstereifel,5366004,"(342509.06, 5603491.19, 345846.95, 5608747.58)"
Bessenich,54403,Zülpich,5366044,"(333572.69, 5619278.34, 336113.76, 5621817.44)"
Rurich,54519,Hückelhoven,5370020,"(307203.53, 5653794.21, 309953.6, 5656494.29)"
Billig,54404,Euskirchen,5366016,"(341372.14, 5609170.9, 343788.09, 5612638.25)"
Dürscheven,54409,Zülpich,5366044,"(337429.78, 5614178.43, 339803.86, 5616862.83)"
Elsig,54411,Euskirchen,5366016,"(339151.69, 5614039.32, 341943.17, 5616893.98)"
Morken-Harff,54615,Bedburg,5362004,"(325094.1, 5654843.46, 327111.49, 5656361.76)"
Enzen,54412,Zülpich,5366044,"(335660.03, 5612639.14, 339050.04, 5615587.4)"
Dom-Esch,54414,Euskirchen,5366016,"(347756.28, 5614907.47, 349951.08, 5617677.0)"
Oberbolheim,54783,Nörvenich,5358052,"(331617.94, 5632252.72, 334924.71, 5634129.29)"
Eschweiler,54415,Bad Münstereifel,5366004,"(338477.46, 5603168.11, 341433.0, 5605726.84)"
Euenheim,54416,Euskirchen,5366016,"(339983.6, 5610105.42, 342025.36, 5614405.12)"
Frauenberg,54419,Euskirchen,5366016,"(338252.55, 5616199.11, 342185.17, 5619015.93)"
Großbüllesheim,54421,Euskirchen,5366016,"(345254.21, 5616206.47, 348386.23, 5618474.65)"
Sievernich,54795,Vettweiß,5358060,"(332505.17, 5620494.19, 336898.56, 5623744.71)"
Hoven-Floren,54424,Zülpich,5366044,"(331672.37, 5615533.34, 334855.83, 5617990.36)"
Iversheim,54425,Bad Münstereifel,5366004,"(339952.08, 5603246.24, 344722.89, 5607098.41)"
Kleinbüllesheim,54429,Euskirchen,5366016,"(345570.81, 5614885.96, 348796.6, 5618329.81)"
Engelsdorf,54807,Aldenhoven,5358004,"(308549.73, 5642886.52, 310620.73, 5644574.08)"
Kreuzweingarten-Rheder,54431,Euskirchen,5366016,"(342112.66, 5608034.1, 344976.34, 5611001.29)"
Kuchenheim,54432,Euskirchen,5366016,"(345314.62, 5610996.73, 347893.41, 5615743.61)"
Langendorf,54433,Zülpich,5366044,"(329977.53, 5614794.31, 333097.93, 5617330.03)"
Lessenich-Rißdorf,54435,Mechernich,5366028,"(336822.61, 5604815.75, 339749.91, 5610404.5)"
Linzenich-Lövenich,54437,Zülpich,5366044,"(334368.65, 5613388.55, 336440.42, 5616761.82)"
Lommersum,54438,Weilerswist,5366040,"(341914.92, 5617479.98, 349153.92, 5622446.24)"
Metternich,54441,Weilerswist,5366040,"(348827.61, 5621218.85, 352921.2, 5624563.2)"
Müggenhausen,54443,Weilerswist,5366040,"(348451.49, 5619394.46, 351920.1, 5621881.71)"
Nemmenich,54445,Zülpich,5366044,"(335368.83, 5616830.99, 338556.11, 5619734.66)"
Niederkastenholz,54447,Euskirchen,5366016,"(345900.39, 5609132.4, 347594.48, 5611405.84)"
Obergartzem,54449,Mechernich,5366028,"(336133.72, 5610890.16, 338529.21, 5613033.07)"
Palmersheim,54450,Euskirchen,5366016,"(347784.21, 5607509.61, 352630.86, 5613467.49)"
Rupperath,54454,Bad Münstereifel,5366004,"(348130.33, 5591519.64, 351225.92, 5594924.65)"
Satzvey-Firmenich,54455,Mechernich,5366028,"(335732.17, 5607838.25, 338949.6, 5612453.49)"
Schwerfen,54458,Zülpich,5366044,"(331905.42, 5611276.88, 336313.1, 5614289.87)"
Sinzenich,54459,Zülpich,5366044,"(332054.69, 5612939.07, 335669.91, 5616076.93)"
Stotzheim,54460,Euskirchen,5366016,"(343552.37, 5608344.95, 346285.77, 5612521.6)"
Vernich,54463,Weilerswist,5366040,"(344033.92, 5619641.26, 349979.56, 5624952.78)"
Wachendorf,54464,Mechernich,5366028,"(338815.03, 5605299.64, 341634.92, 5607980.54)"
Weidesheim,54465,Euskirchen,5366016,"(346604.55, 5612909.0, 349161.68, 5614983.64)"
Merzenhausen,54813,Jülich,5358024,"(307759.38, 5644106.8, 310677.76, 5646816.69)"
Weiler a.Berge,54466,Mechernich,5366028,"(336196.2, 5604895.43, 337970.03, 5607210.79)"
Wichterich,54469,Zülpich,5366044,"(337762.43, 5618132.87, 343142.48, 5622888.51)"
Wißkirchen,54470,Euskirchen,5366016,"(338177.62, 5609346.11, 340856.46, 5614669.08)"
Wüschheim,54471,Euskirchen,5366016,"(344598.35, 5617234.62, 347888.26, 5619019.32)"
Zülpich,54472,Zülpich,5366044,"(332542.19, 5616339.88, 336605.12, 5620006.33)"
Hohn,54473,Bad Münstereifel,5366004,"(339119.18, 5598175.73, 341564.09, 5601794.59)"
Nöthen,54474,Bad Münstereifel,5366004,"(336393.35, 5599256.26, 340894.56, 5604417.43)"
Bürvenich-Eppenich,54481,Zülpich,5366044,"(328039.94, 5612582.95, 332805.39, 5616006.92)"
Füssenich,54489,Zülpich,5366044,"(329492.66, 5617988.03, 332840.03, 5621321.24)"
Geich b. Füssenich,54490,Zülpich,5366044,"(331852.16, 5618785.75, 334057.1, 5622944.54)"
Schierwaldenrath,54500,Gangelt,5370008,"(289963.68, 5655606.7, 293669.59, 5658585.88)"
Orsbeck,54502,Wassenberg,5370036,"(299203.09, 5662135.5, 301884.2, 5664258.11)"
Süsterseel,54505,Selfkant,5370024,"(284357.84, 5652564.81, 287355.77, 5655138.89)"
Doveren,54520,Hückelhoven,5370020,"(305416.4, 5655877.93, 309193.82, 5661040.39)"
Baal,54521,Hückelhoven,5370020,"(307426.41, 5656014.46, 311203.83, 5658745.61)"
Granterath,54522,Erkelenz,5370004,"(308158.34, 5658358.22, 311759.45, 5660795.06)"
Gerderath,54527,Erkelenz,5370004,"(304039.17, 5663010.27, 307433.11, 5666143.21)"
Immerath,54528,Erkelenz,5370004,"(318364.23, 5656787.66, 323217.42, 5661054.09)"
Holzweiler,54529,Erkelenz,5370004,"(315581.77, 5656623.94, 319850.81, 5660649.5)"
Keyenberg,54530,Erkelenz,5370004,"(315630.19, 5660188.31, 319742.86, 5663247.18)"
Borschemich,54531,Erkelenz,5370004,"(319201.05, 5660040.91, 321727.75, 5662946.53)"
Venrath,54532,Erkelenz,5370004,"(315171.77, 5661371.8, 317432.54, 5664096.04)"
Libur,54987,Köln,5315000,"(363327.83, 5632763.87, 366071.88, 5634956.62)"
Golkrath,54533,Erkelenz,5370004,"(306333.68, 5660353.06, 309985.04, 5663710.3)"
Kückhoven,54535,Erkelenz,5370004,"(312394.92, 5658485.2, 316113.18, 5661371.8)"
Lövenich,54536,Erkelenz,5370004,"(310265.26, 5654647.05, 316175.77, 5658809.5)"
Enniger,55083,Ennigerloh,5570020,"(422729.18, 5739802.2, 430644.49, 5746356.5)"
Sendenhorst,55084,Sendenhorst,5570040,"(415005.78, 5739525.9, 423477.13, 5749087.97)"
Drensteinfurt,55087,Drensteinfurt,5570016,"(409183.87, 5733692.45, 417923.46, 5743443.53)"
Herbern,55088,Ascheberg,5558004,"(403268.12, 5729142.3, 412808.94, 5738189.35)"
Walstedde,55091,Drensteinfurt,5570016,"(412285.84, 5731032.12, 418362.12, 5737927.82)"
Schwanenberg,54538,Erkelenz,5370004,"(307126.89, 5663207.67, 310959.49, 5666404.43)"
Brachelen,54554,Hückelhoven,5370020,"(303584.01, 5652009.33, 308616.65, 5657639.21)"
Lindern,54555,Geilenkirchen,5370012,"(302997.77, 5650917.9, 306082.44, 5655460.97)"
Birgden,54558,Gangelt,5370008,"(291843.76, 5652963.26, 295190.34, 5656167.76)"
Immendorf,54560,Geilenkirchen,5370012,"(299188.38, 5645878.63, 303524.12, 5651485.12)"
Teveren,54566,Geilenkirchen,5370012,"(290334.1, 5646306.69, 296271.94, 5651290.03)"
Würm,54567,Geilenkirchen,5370012,"(300440.48, 5651040.72, 304059.16, 5654710.28)"
Beeck,54568,Geilenkirchen,5370012,"(301677.59, 5649843.91, 304616.87, 5652457.9)"
Süggerath,54569,Geilenkirchen,5370012,"(299297.71, 5649698.85, 300821.7, 5651903.23)"
Aphoven,54570,Heinsberg (Rhld.),5370016,"(293359.14, 5658034.86, 295575.91, 5660380.52)"
Paffendorf,54626,Bergheim,5362008,"(330066.01, 5646743.92, 333042.94, 5649604.72)"
Kelz,54762,Vettweiß,5358060,"(328391.69, 5625049.67, 331703.04, 5628998.88)"
Schafhausen,54572,Heinsberg (Rhld.),5370016,"(296351.57, 5656913.6, 298476.37, 5661155.43)"
Birgelen,54573,Wassenberg,5370036,"(298324.2, 5665055.11, 303222.7, 5669443.22)"
Ophoven,54575,Wassenberg,5370036,"(296383.13, 5663787.48, 299151.33, 5666973.63)"
Braunsrath,54576,Waldfeucht,5370032,"(289792.76, 5657353.37, 293623.8, 5663280.43)"
Breberen-Schümm,54577,Gangelt,5370008,"(287041.24, 5655465.72, 290895.99, 5658819.91)"
Dremmen,54578,Heinsberg (Rhld.),5370016,"(297442.5, 5655970.42, 301761.34, 5659772.67)"
Horst,54579,Heinsberg (Rhld.),5370016,"(299771.49, 5655733.56, 303143.48, 5658136.09)"
Havert,54581,Selfkant,5370024,"(280375.04, 5657436.49, 285333.23, 5661796.2)"
Millen,54582,Selfkant,5370024,"(280851.73, 5656186.6, 284080.74, 5658667.0)"
Borr,54651,Erftstadt,5362020,"(338369.93, 5621976.49, 342296.53, 5624161.84)"
Tüddern,54583,Selfkant,5370024,"(281277.45, 5654629.0, 284462.53, 5656976.86)"
Porselen,54586,Heinsberg (Rhld.),5370016,"(300800.6, 5656611.44, 302821.57, 5659348.64)"
Karken,54587,Heinsberg (Rhld.),5370016,"(293666.28, 5662804.12, 296713.74, 5667461.08)"
Niederberg,54659,Erftstadt,5362020,"(341318.39, 5620722.8, 344312.02, 5623674.9)"
Kempen,54588,Heinsberg (Rhld.),5370016,"(295978.35, 5662099.77, 299274.42, 5665298.47)"
Kirchhoven,54589,Heinsberg (Rhld.),5370016,"(292616.29, 5659783.34, 296279.53, 5664887.61)"
Myhl,54590,Wassenberg,5370036,"(301704.28, 5662759.71, 304401.83, 5666057.49)"
Wildenrath,54592,Wegberg,5370040,"(302520.4, 5665348.42, 306926.75, 5668972.41)"
Oberbruch,54593,Heinsberg (Rhld.),5370016,"(297551.58, 5657494.53, 302136.27, 5661533.88)"
Saeffelen,54595,Selfkant,5370024,"(285052.65, 5657310.39, 288537.76, 5659531.34)"
Höngen,54596,Selfkant,5370024,"(282853.38, 5654601.25, 287321.2, 5657718.44)"
Unterbruch,54597,Heinsberg (Rhld.),5370016,"(297242.85, 5660839.17, 300746.99, 5663455.0)"
Waldenrath,54598,Heinsberg (Rhld.),5370016,"(293322.77, 5653437.02, 297191.69, 5658198.76)"
Waldfeucht,54599,Waldfeucht,5370032,"(287514.02, 5658648.76, 290953.63, 5662332.68)"
Hitdorf,54603,Leverkusen,5316000,"(352698.87, 5657250.65, 356056.77, 5661000.58)"
Rheindorf,54606,Leverkusen,5316000,"(354949.84, 5656208.18, 358569.24, 5659873.7)"
Schlebusch,54607,Leverkusen,5316000,"(360663.34, 5653590.01, 366642.12, 5657954.28)"
Steinbüchel,54608,Leverkusen,5316000,"(364339.41, 5655381.75, 367976.55, 5659122.45)"
Kaster,54612,Bedburg,5362004,"(324748.17, 5651978.23, 330430.36, 5659330.63)"
Wiesdorf,54609,Leverkusen,5316000,"(356257.5, 5653012.53, 362572.64, 5656440.72)"
Königshoven,54613,Bedburg,5362004,"(323445.27, 5655131.44, 327172.79, 5659242.23)"
Lipp,54614,Bedburg,5362004,"(326783.38, 5650733.37, 329638.6, 5652739.13)"
Pütz,54616,Bedburg,5362004,"(321375.74, 5649661.12, 328000.37, 5656770.98)"
Glesch,54621,Bergheim,5362008,"(328931.06, 5647692.54, 332579.46, 5651526.02)"
Kenten,54623,Bergheim,5362008,"(333992.1, 5645642.63, 336824.74, 5647620.22)"
Niederaußem,54624,Bergheim,5362008,"(333661.08, 5648719.2, 338100.67, 5652699.47)"
Oberaußem-Fortuna,54625,Bergheim,5362008,"(335761.09, 5646294.63, 339720.87, 5651162.57)"
Zieverich,54629,Bergheim,5362008,"(331732.84, 5645987.92, 333939.87, 5648247.68)"
Schwadorf,54633,Brühl,5362012,"(352420.43, 5629673.09, 355110.98, 5631736.08)"
Vochem,54634,Brühl,5362012,"(349126.73, 5633771.86, 354164.08, 5635369.38)"
Stotzheim,54677,Hürth,5362028,"(348752.83, 5639293.66, 351232.51, 5641986.41)"
Angelsdorf,54640,Elsdorf,5362016,"(326941.99, 5643622.49, 329530.86, 5647750.83)"
Apartehöfe,54641,Elsdorf,5362016,"(328522.23, 5645441.28, 332066.06, 5648289.04)"
Elsdorf,54642,Elsdorf,5362016,"(327809.67, 5643602.73, 330723.13, 5646973.2)"
Esch,54643,Elsdorf,5362016,"(326219.46, 5645175.3, 328802.42, 5647722.41)"
Heppendorf,54644,Elsdorf,5362016,"(325486.8, 5640477.35, 335167.92, 5646006.12)"
Dorweiler,54711,Nörvenich,5358052,"(335871.26, 5628267.96, 337131.81, 5630660.1)"
Niederembt,54645,Elsdorf,5362016,"(325310.41, 5647379.43, 329491.13, 5650071.25)"
Muldenau,54714,Nideggen,5358044,"(326260.97, 5617241.63, 327827.32, 5619285.55)"
Oberembt,54646,Elsdorf,5362016,"(322954.21, 5645109.3, 325972.69, 5649876.41)"
Tollhausen,54647,Elsdorf,5362016,"(325480.0, 5645144.98, 326671.49, 5647487.93)"
Dirmerzheim,54652,Erftstadt,5362020,"(340529.84, 5631617.01, 344252.37, 5634323.24)"
Pingsheim,54722,Nörvenich,5358052,"(336603.73, 5627730.51, 338808.45, 5630980.38)"
Erp,54653,Erftstadt,5362020,"(336325.88, 5624043.47, 341539.61, 5628798.59)"
Friesheim,54654,Erftstadt,5362020,"(339541.65, 5622838.78, 345807.23, 5627558.55)"
Gymnich,54655,Erftstadt,5362020,"(336963.26, 5632725.14, 342523.61, 5637023.96)"
Kierdorf,54656,Erftstadt,5362020,"(343334.82, 5632613.42, 345406.12, 5635547.34)"
Berrenrath,54670,Hürth,5362028,"(345371.41, 5636001.39, 348252.83, 5638943.6)"
Efferen,54671,Hürth,5362028,"(350586.03, 5638081.12, 353717.96, 5642133.43)"
Hermülheim,54674,Hürth,5362028,"(349582.94, 5637811.36, 352658.05, 5639813.88)"
Hürth,54675,Hürth,5362028,"(346008.92, 5633903.78, 351057.78, 5639700.5)"
Kendenich,54676,Hürth,5362028,"(350324.3, 5635714.19, 353491.95, 5638595.53)"
Buir,54681,Kerpen,5362032,"(327514.05, 5634497.03, 332229.22, 5641285.23)"
Manheim,54684,Kerpen,5362032,"(329639.34, 5637332.03, 333895.28, 5642064.55)"
Mödrath,54685,Kerpen,5362032,"(337651.42, 5638050.71, 342123.59, 5641138.11)"
Sindorf,54686,Kerpen,5362032,"(333960.76, 5640359.75, 338286.86, 5643910.85)"
Türnich,54687,Kerpen,5362032,"(339845.52, 5633914.4, 345540.33, 5638916.59)"
Geyen,54691,Pulheim,5362036,"(341937.93, 5648599.13, 346865.79, 5652562.62)"
Pulheim,54692,Pulheim,5362036,"(343191.14, 5649245.03, 348729.13, 5654208.33)"
Sinnersdorf,54693,Pulheim,5362036,"(345078.14, 5651950.44, 348789.95, 5656369.95)"
Berzdorf,54696,Wesseling,5362040,"(354170.17, 5631548.7, 356606.56, 5634648.49)"
Keldenich,54697,Wesseling,5362040,"(354590.13, 5629270.78, 358291.19, 5632022.57)"
Urfeld,54698,Wesseling,5362040,"(357946.14, 5628692.55, 361174.47, 5632091.46)"
Wesseling,54699,Wesseling,5362040,"(356038.97, 5630053.74, 360039.81, 5634448.51)"
Kreuzau,54700,Kreuzau,5358028,"(322144.66, 5622812.01, 324890.97, 5626125.59)"
Niederau,54701,Düren,5358008,"(322668.06, 5625992.43, 325092.89, 5628207.73)"
Winden,54702,Kreuzau,5358028,"(319268.7, 5622226.07, 322942.83, 5625869.5)"
Untermaubach,54705,Kreuzau,5358028,"(318991.86, 5621418.45, 321873.48, 5623884.74)"
Straß,54706,Hürtgenwald,5358016,"(317188.28, 5623050.23, 320315.3, 5625556.96)"
Wollersheim,54712,Nideggen,5358044,"(322795.72, 5614126.54, 330523.59, 5616928.31)"
Berg-Thuir,54713,Nideggen,5358044,"(322759.23, 5615482.5, 326911.8, 5619917.03)"
Hergarten,54715,Heimbach,5358012,"(323734.24, 5607970.11, 327756.34, 5611969.71)"
Körrenzig,54716,Linnich,5358036,"(308461.34, 5652275.92, 310656.25, 5656130.28)"
Gevenich,54717,Linnich,5358036,"(309407.47, 5650218.03, 312894.24, 5653006.88)"
Glimbach,54718,Linnich,5358036,"(308941.22, 5651504.51, 312844.47, 5655023.47)"
Vlatten,54721,Heimbach,5358012,"(322883.3, 5608540.36, 328717.7, 5615110.98)"
Heimbach,54723,Heimbach,5358012,"(314774.71, 5608366.89, 324890.74, 5614269.95)"
Hausen,54724,Heimbach,5358012,"(318271.12, 5612870.47, 324784.35, 5615527.26)"
Wissersheim,54725,Nörvenich,5358052,"(335806.85, 5630503.27, 339263.29, 5634401.84)"
Arnoldsweiler,54726,Düren,5358008,"(320641.25, 5633096.78, 325308.61, 5636462.82)"
Ellen,54727,Niederzier,5358048,"(322308.12, 5635902.55, 326713.64, 5640891.87)"
Morschenich,54728,Merzenich,5358040,"(325102.72, 5637287.76, 328453.82, 5640780.76)"
Binsfeld,54729,Nörvenich,5358052,"(325245.34, 5626632.32, 328807.97, 5631217.09)"
Eggersheim,54730,Nörvenich,5358052,"(332404.09, 5627836.77, 334695.53, 5629447.05)"
Frauwüllesheim,54731,Nörvenich,5358052,"(327717.14, 5628242.17, 330868.45, 5631058.02)"
Irresheim,54732,Nörvenich,5358052,"(330486.0, 5628254.15, 332832.63, 5630415.51)"
Birgel,54733,Düren,5358008,"(317712.8, 5626014.83, 321144.07, 5628868.23)"
Berzbuir-Kufferath,54734,Düren,5358008,"(318856.77, 5624092.22, 321841.65, 5627381.93)"
Gürzenich,54735,Düren,5358008,"(317220.54, 5626798.64, 321241.03, 5631766.08)"
Lendersdorf-Krauthausen,54736,Düren,5358008,"(320982.12, 5625591.02, 323545.85, 5628472.34)"
Birkesdorf,54738,Düren,5358008,"(319977.18, 5632096.19, 322476.0, 5635338.43)"
Huchem-Stammeln,54739,Niederzier,5358048,"(319304.13, 5635252.75, 322463.38, 5637771.94)"
Selhausen,54740,Niederzier,5358048,"(318010.99, 5636890.58, 320439.01, 5640170.26)"
Embken,54742,Nideggen,5358044,"(325480.58, 5616322.16, 330367.71, 5618879.15)"
Drove,54743,Kreuzau,5358028,"(323040.21, 5620478.2, 325726.74, 5623647.92)"
Jakobwüllesheim,54745,Vettweiß,5358060,"(326701.04, 5624803.08, 329452.08, 5627605.86)"
Geich-Obergeich,54751,Langerwehe,5358032,"(315303.56, 5631709.45, 317753.78, 5633825.45)"
Soller,54746,Vettweiß,5358060,"(324838.22, 5622233.69, 330055.32, 5625523.47)"
Thum,54747,Kreuzau,5358028,"(323238.87, 5618695.64, 326676.41, 5620965.05)"
Üdingen,54748,Kreuzau,5358028,"(321649.27, 5621398.01, 323392.0, 5623133.43)"
Echtz-Konzendorf,54750,Düren,5358008,"(315909.8, 5631210.15, 319489.04, 5634723.88)"
Schlich-D'horn,54753,Langerwehe,5358032,"(315454.23, 5628233.52, 318104.2, 5632088.67)"
Ginnick,54756,Vettweiß,5358060,"(325765.47, 5618107.7, 330005.35, 5620646.23)"
Vettweiß,54758,Vettweiß,5358060,"(328263.17, 5621585.42, 332880.16, 5625707.64)"
Eschweiler über Feld,54781,Nörvenich,5358052,"(328439.01, 5629438.56, 332536.41, 5633213.73)"
Gladbach,54763,Vettweiß,5358060,"(331172.51, 5623468.54, 335679.76, 5627804.52)"
Lüxheim,54764,Vettweiß,5358060,"(331244.95, 5625965.51, 334807.34, 5628593.8)"
Eggerode,55186,Schöppingen,5554052,"(378920.51, 5768201.82, 380540.75, 5769887.38)"
Lamersdorf,54765,Inden,5358020,"(312067.02, 5634952.56, 314890.9, 5637094.88)"
Nienborg,55188,Heek,5554024,"(366989.6, 5776240.74, 373543.12, 5784643.77)"
Gronau,55189,Gronau (Westf.),5554020,"(360301.99, 5783657.09, 370324.69, 5789771.98)"
Burgsteinfurt,55190,Steinfurt,5566084,"(381061.82, 5775236.56, 392818.92, 5783870.25)"
Borghorst,55192,Steinfurt,5566084,"(386030.97, 5771257.35, 394312.29, 5782256.49)"
Frenz,54766,Inden,5358020,"(311965.02, 5634661.38, 314248.25, 5635867.11)"
Altenberge,55211,Altenberge,5566004,"(390392.66, 5761540.97, 400990.91, 5772176.08)"
Nordwalde,55212,Nordwalde,5566064,"(392242.29, 5769154.23, 400672.06, 5778147.25)"
Laer,55213,Laer,5566036,"(382774.84, 5765246.34, 391619.77, 5772234.86)"
Recklinghausen,55215,Recklinghausen,5562032,"(370909.06, 5712859.75, 381986.67, 5723824.94)"
Kirchspiel Stadtlohn,55216,Stadtlohn,5554056,"(350903.95, 5758871.92, 366189.55, 5768218.34)"
Ahlen,55218,Ahlen,5570004,"(416452.51, 5728216.11, 429580.83, 5741020.03)"
Rotthausen,55220,Gelsenkirchen,5513000,"(364674.57, 5705183.53, 368077.14, 5708600.13)"
Langerwehe,54767,Langerwehe,5358032,"(312138.2, 5631579.98, 314961.92, 5634823.73)"
Merken,54768,Düren,5358008,"(315883.4, 5633884.14, 320473.66, 5637168.91)"
Derichsweiler,54769,Düren,5358008,"(316755.22, 5627856.79, 321041.03, 5632229.44)"
Mariaweiler-Hoven,54770,Düren,5358008,"(319021.97, 5631487.11, 321034.06, 5634916.2)"
Merzenich,54771,Merzenich,5358040,"(324033.56, 5631872.23, 328291.68, 5638929.11)"
Girbelsrath,54772,Merzenich,5358040,"(326229.07, 5630625.42, 329053.18, 5633642.74)"
Golzheim,54773,Merzenich,5358040,"(327072.75, 5632581.31, 331963.05, 5636421.35)"
Obermaubach-Schlagstein,54777,Kreuzau,5358028,"(317981.75, 5620374.26, 321727.98, 5622689.19)"
Niederzier,54778,Niederzier,5358048,"(318875.02, 5638504.24, 325951.17, 5641948.91)"
Oberzier,54779,Niederzier,5358048,"(320239.92, 5636652.36, 326170.1, 5640945.82)"
Nörvenich,54780,Nörvenich,5358052,"(331962.29, 5629730.2, 336474.83, 5633940.3)"
Poll,54784,Nörvenich,5358052,"(334463.67, 5626633.91, 337219.82, 5629214.75)"
Rath,54785,Nörvenich,5358052,"(335890.12, 5630445.61, 337401.35, 5633033.27)"
Pier,54790,Inden,5358020,"(314776.16, 5635604.6, 319375.47, 5639393.05)"
Luchem,54792,Langerwehe,5358032,"(314100.82, 5633266.53, 316224.96, 5634828.92)"
Krechting,55243,Rhede,5554048,"(340355.06, 5742466.84, 342262.76, 5744106.18)"
Vardingholt,55244,Rhede,5554048,"(339066.01, 5745935.75, 346188.33, 5752931.31)"
Lucherberg,54793,Inden,5358020,"(314123.84, 5634785.6, 316587.97, 5637141.69)"
Schophoven,54794,Inden,5358020,"(314817.61, 5638329.96, 318224.64, 5641575.28)"
Disternich,54796,Vettweiß,5358060,"(333202.69, 5621292.49, 337887.55, 5625139.35)"
Müddersheim,54797,Vettweiß,5358060,"(333333.11, 5623071.62, 337243.69, 5626808.47)"
Stockheim,54798,Kreuzau,5358028,"(323965.93, 5623741.54, 327107.97, 5628554.35)"
Bogheim,54799,Kreuzau,5358028,"(317669.87, 5622118.78, 319837.28, 5623591.69)"
Aldenhoven,54806,Aldenhoven,5358004,"(306945.97, 5639186.01, 311663.67, 5643428.33)"
Langweiler,54808,Aldenhoven,5358004,"(304564.85, 5638122.04, 307326.58, 5640355.81)"
Niedermerz,54809,Aldenhoven,5358004,"(306198.57, 5638186.46, 309050.46, 5641292.05)"
Pattern II,54810,Aldenhoven,5358004,"(310595.32, 5638220.45, 312579.29, 5640917.02)"
Barmen,54811,Jülich,5358024,"(308162.54, 5645770.61, 312091.21, 5648546.98)"
Floßdorf,54812,Linnich,5358036,"(308143.49, 5647070.81, 311157.62, 5649139.71)"
Koslar,54814,Jülich,5358024,"(309593.75, 5642494.38, 313582.44, 5647186.6)"
Bourheim,54815,Jülich,5358024,"(310667.37, 5640696.68, 314131.68, 5644025.06)"
Ederen,54819,Linnich,5358036,"(304424.97, 5646178.73, 308477.64, 5648504.61)"
Gereonsweiler,54820,Linnich,5358036,"(302926.79, 5647232.96, 305959.71, 5651042.36)"
Freialdenhoven,54821,Aldenhoven,5358004,"(304782.7, 5643712.49, 308427.81, 5646725.61)"
Dürboslar,54822,Aldenhoven,5358004,"(305704.12, 5641759.97, 308596.17, 5644520.23)"
Hambach,54823,Niederzier,5358048,"(318480.07, 5640172.14, 324909.31, 5643968.65)"
Stetternich,54826,Jülich,5358024,"(316340.21, 5642267.8, 319822.73, 5645478.93)"
Hottorf,54827,Linnich,5358036,"(312451.61, 5651833.84, 314808.85, 5654964.88)"
Boslar,54828,Linnich,5358036,"(310119.2, 5648438.69, 314776.45, 5652075.91)"
Gevelsdorf,54829,Titz,5358056,"(314452.82, 5652570.09, 317722.57, 5656892.4)"
Hasselsweiler,54830,Titz,5358056,"(315923.21, 5649653.76, 318572.37, 5653366.67)"
Müntz,54832,Titz,5358056,"(313106.27, 5649273.54, 316663.63, 5652773.77)"
Tetz,54834,Linnich,5358036,"(310150.39, 5647906.45, 312907.1, 5650186.46)"
Inden,54835,Inden,5358020,"(311063.73, 5636026.77, 315106.7, 5639219.88)"
Kirchberg,54837,Jülich,5358024,"(311163.94, 5640275.4, 315424.81, 5642480.26)"
Altdorf,54838,Inden,5358020,"(312137.02, 5638342.37, 315155.04, 5640819.42)"
Linnich,54839,Linnich,5358036,"(304771.93, 5649692.74, 310331.42, 5653178.22)"
Mersch,54840,Jülich,5358024,"(313941.31, 5646763.72, 317040.97, 5650724.64)"
Broich,54841,Jülich,5358024,"(311478.8, 5646244.94, 315093.66, 5648965.65)"
Güsten,54842,Jülich,5358024,"(318733.1, 5644926.79, 321173.61, 5650193.23)"
Pattern I,54843,Jülich,5358024,"(315663.91, 5646076.27, 317698.94, 5649239.14)"
Welldorf,54844,Jülich,5358024,"(316898.46, 5644884.79, 320384.83, 5649623.85)"
Rödingen,54845,Titz,5358056,"(319662.53, 5645644.54, 324504.44, 5653343.6)"
Steinstraß,54846,Niederzier,5358048,"(319576.06, 5641134.24, 326056.96, 5647585.06)"
Rurdorf,54847,Linnich,5358036,"(307525.68, 5648539.55, 310492.44, 5650492.71)"
Siersdorf,54848,Aldenhoven,5358004,"(303090.86, 5640821.55, 306223.54, 5644217.45)"
Schleiden,54851,Aldenhoven,5358004,"(304392.96, 5639429.87, 307539.17, 5642085.95)"
Welz,54854,Linnich,5358036,"(305691.76, 5647768.12, 308568.73, 5650067.09)"
Bensberg-Honschaft,54904,Bergisch Gladbach,5378004,"(368760.77, 5642565.43, 375577.65, 5649433.64)"
Bleifeld,54906,Rösrath,5378028,"(373015.69, 5641085.47, 376825.6, 5644369.26)"
Breibach,54907,Kürten,5378012,"(375674.17, 5653045.43, 379701.85, 5654772.38)"
Burscheid,54908,Burscheid,5378008,"(363932.31, 5658550.9, 371845.5, 5664676.02)"
Collenbach,54910,Kürten,5378012,"(376693.1, 5651145.32, 379534.86, 5654431.58)"
Combüchen,54911,Bergisch Gladbach,5378004,"(367566.85, 5651048.22, 372423.29, 5653313.51)"
Dürscheid,54912,Kürten,5378012,"(373424.86, 5650769.55, 375987.54, 5654613.48)"
Dabringhausen,54913,Wermelskirchen,5378032,"(369577.54, 5658616.74, 378302.24, 5663772.66)"
Dhünn,54914,Wermelskirchen,5378032,"(374205.22, 5660278.77, 380909.85, 5666086.97)"
Dorfhonnschaft,54915,Wermelskirchen,5378032,"(371247.98, 5665478.27, 376411.95, 5668731.67)"
Engeldorf,54916,Kürten,5378012,"(375007.97, 5649742.65, 379153.49, 5654313.6)"
Eschbach,54917,Overath,5378024,"(373118.06, 5643803.47, 375568.81, 5646637.98)"
Hasbach,54921,Rösrath,5378028,"(369096.93, 5636652.05, 372607.46, 5639002.44)"
Menzlingen,54934,Rösrath,5378028,"(371937.23, 5637308.73, 374036.57, 5640019.24)"
Miebach,54935,Overath,5378024,"(381144.82, 5643990.15, 385226.01, 5647561.36)"
Niederwermelskirchen,54936,Wermelskirchen,5378032,"(370982.4, 5661396.39, 375964.76, 5666340.49)"
Oberhonnschaft,54937,Wermelskirchen,5378032,"(374841.76, 5664294.24, 379119.64, 5669241.21)"
Oberodenthal,54938,Odenthal,5378020,"(368406.66, 5652606.72, 374567.36, 5659737.95)"
Oderscheid,54940,Overath,5378024,"(382053.8, 5641240.61, 387516.56, 5646550.34)"
Köln-Efferen,54960,Köln,5315000,"(350933.49, 5638231.71, 354594.65, 5642685.89)"
Kriel,54961,Köln,5315000,"(350679.6, 5641704.82, 354618.2, 5645000.29)"
Müngersdorf,54962,Köln,5315000,"(347840.44, 5642959.19, 355108.48, 5651291.88)"
Kalk,54970,Köln,5315000,"(358781.74, 5644339.39, 360647.05, 5646019.72)"
Vingst,54971,Köln,5315000,"(359459.82, 5642023.85, 362140.32, 5645064.9)"
Poll,54973,Köln,5315000,"(357198.16, 5640541.98, 361140.09, 5644159.93)"
Stammheim-Flittard,54974,Köln,5315000,"(357025.22, 5649150.32, 360274.53, 5653508.08)"
Dünnwald,54975,Köln,5315000,"(359385.46, 5649160.76, 365008.81, 5654225.39)"
Thurn-Strunden,54976,Köln,5315000,"(363514.37, 5646351.54, 366670.6, 5650430.19)"
Langenbrück,54977,Köln,5315000,"(362727.19, 5643727.66, 367551.88, 5646894.02)"
Rath,54978,Köln,5315000,"(362819.83, 5642293.85, 369710.49, 5645559.11)"
Eil,54980,Köln,5315000,"(362815.13, 5638850.73, 369186.44, 5641580.4)"
Elsdorf,54981,Köln,5315000,"(363715.85, 5636187.92, 366859.87, 5637831.36)"
Ensen,54982,Köln,5315000,"(361033.43, 5639560.75, 363664.74, 5642219.17)"
Esch,54983,Köln,5315000,"(348069.44, 5650444.83, 352046.32, 5655253.59)"
Langel,54986,Köln,5315000,"(358066.22, 5633530.42, 361660.93, 5636342.47)"
Lind,54988,Köln,5315000,"(365389.3, 5633491.7, 368489.68, 5635449.58)"
Niederzündorf,54990,Köln,5315000,"(361944.71, 5635811.26, 364034.51, 5638164.66)"
Oberzündorf,54991,Köln,5315000,"(360462.86, 5634668.22, 364076.02, 5637474.91)"
Porz,54992,Köln,5315000,"(362569.57, 5637983.72, 363894.51, 5639851.34)"
Meschenich,54994,Köln,5315000,"(353354.15, 5633779.36, 355718.6, 5638079.49)"
Urbach,54995,Köln,5315000,"(363414.01, 5636961.39, 369251.92, 5639882.76)"
Wahn,54997,Köln,5315000,"(363542.24, 5634078.78, 370674.32, 5638272.99)"
Westhoven,54999,Köln,5315000,"(358698.06, 5639934.93, 362181.87, 5642480.31)"
Wolbeck-Stadt,55011,Münster,5515000,"(411805.26, 5751657.05, 413288.3, 5753924.23)"
Schapdetten,55018,Nottuln,5558032,"(390421.95, 5753770.03, 392793.87, 5755677.89)"
Albachten,55020,Münster,5515000,"(397079.93, 5750328.67, 401194.9, 5755349.75)"
Gimbte,55025,Greven,5566012,"(405165.09, 5766484.19, 407989.16, 5770924.12)"
Bevergern,55029,Hörstel,5566016,"(401219.02, 5790069.35, 404774.93, 5794078.45)"
Dreierwalde,55030,Hörstel,5566016,"(394921.12, 5796134.93, 401095.05, 5803257.86)"
Schale,55032,Hopsten,5566020,"(402393.59, 5807936.07, 411964.12, 5814787.97)"
Recke,55033,Recke,5566072,"(406361.84, 5797779.49, 417202.4, 5806417.23)"
Mettingen,55034,Mettingen,5566056,"(413331.73, 5792586.32, 419406.84, 5803952.89)"
Einen,55046,Warendorf,5570052,"(422099.57, 5758056.67, 426156.55, 5761108.72)"
Dackmar,55049,Sassenberg,5570036,"(433653.87, 5756500.44, 439167.35, 5761530.5)"
Füchtorf,55051,Sassenberg,5570036,"(430083.01, 5762644.84, 438053.11, 5769085.01)"
Sassenberg,55052,Sassenberg,5570036,"(432523.84, 5758658.12, 437589.88, 5762956.06)"
Beelen,55056,Beelen,5570012,"(435985.91, 5749510.06, 443163.25, 5756653.42)"
Freckenhorst,55057,Warendorf,5570052,"(424164.49, 5748577.24, 432883.74, 5754530.68)"
Everswinkel,55058,Everswinkel,5570024,"(416856.93, 5747756.44, 425633.13, 5758143.94)"
Capelle,55095,Nordkirchen,5558028,"(401558.91, 5728567.8, 405223.12, 5733616.75)"
Südkirchen,55096,Nordkirchen,5558028,"(397514.63, 5726980.9, 402481.7, 5731986.01)"
Lüdinghausen-Stadt,55099,Lüdinghausen,5558024,"(390378.16, 5734735.54, 394314.39, 5738258.14)"
Lüdinghausen-Kirchspiel,55100,Lüdinghausen,5558024,"(387636.98, 5731234.3, 399162.98, 5743696.04)"
Venne,55103,Senden,5558044,"(399235.1, 5744695.87, 401657.81, 5747606.46)"
Ahsen,55111,Datteln,5562008,"(378346.23, 5727218.91, 384051.49, 5731363.38)"
Flaesheim,55112,Haltern am See,5562016,"(375550.7, 5728830.59, 381568.21, 5732519.2)"
Horneburg,55120,Datteln,5562008,"(380337.18, 5720130.56, 382707.91, 5721968.78)"
Westerholt,55127,Herten,5562020,"(366616.34, 5716971.5, 369131.77, 5719422.96)"
Horst,55128,Gelsenkirchen,5513000,"(361944.36, 5709301.5, 364790.14, 5712277.76)"
Lembeck,55133,Dorsten,5562012,"(357315.54, 5732304.88, 368068.25, 5740809.67)"
Wulfen,55135,Dorsten,5562012,"(356419.26, 5728208.51, 367924.37, 5734124.43)"
Erle,55137,Raesfeld,5554040,"(347514.96, 5733057.93, 356255.49, 5738456.76)"
Rhade,55139,Dorsten,5562012,"(355631.7, 5733325.23, 359568.33, 5738459.61)"
Werth,55141,Isselburg,5554032,"(326290.57, 5742811.62, 329928.47, 5744862.72)"
Barlo,55144,Bocholt,5554008,"(336869.53, 5749545.68, 343207.79, 5754408.87)"
Velen-Dorf,55149,Velen,5554064,"(360591.02, 5750516.04, 362191.47, 5751777.03)"
Hiddingsel,55157,Dülmen,5558016,"(388748.11, 5741712.48, 392083.62, 5746427.41)"
Hullern,55163,Haltern am See,5562016,"(379785.99, 5731766.26, 384084.3, 5735974.76)"
Billerbeck-Stadt,55164,Billerbeck,5558008,"(381529.93, 5758718.97, 384185.75, 5761262.83)"
Billerbeck-Kirchspiel,55165,Billerbeck,5558008,"(377117.97, 5755440.48, 388675.35, 5763774.06)"
Beerlage,55166,Billerbeck,5558008,"(383890.06, 5760556.64, 392570.83, 5766859.96)"
Darfeld,55167,Rosendahl,5558040,"(378629.04, 5762327.36, 385859.25, 5769340.87)"
Coesfeld-Stadt,55168,Coesfeld,5558012,"(371610.39, 5753756.31, 375860.33, 5758084.49)"
Coesfeld-Kirchspiel,55169,Coesfeld,5558012,"(366188.87, 5745643.25, 380437.05, 5761204.44)"
Gescher,55172,Gescher,5554016,"(361420.9, 5755748.76, 363716.83, 5759027.79)"
Vreden,55173,Vreden,5554068,"(341390.05, 5762548.97, 356731.63, 5777428.46)"
Stadtlohn,55175,Stadtlohn,5554056,"(355470.56, 5760508.2, 359061.23, 5763670.63)"
Ottenstein,55179,Ahaus,5554004,"(354381.54, 5769619.37, 358930.46, 5775243.21)"
Wüllen,55181,Ahaus,5554004,"(356175.63, 5765210.88, 365794.65, 5772963.58)"
Legden,55182,Legden,5554036,"(365471.14, 5763276.14, 373857.61, 5772825.56)"
Asbeck,55183,Legden,5554036,"(371064.71, 5766996.29, 375560.62, 5771001.3)"
Schöppingen-Stadt,55184,Schöppingen,5554052,"(378253.91, 5772193.41, 381284.3, 5774364.9)"
Oeding,55221,Südlohn,5554060,"(345522.11, 5753116.91, 352382.9, 5759756.26)"
Biemenhorst,55225,Bocholt,5554008,"(334025.82, 5740722.98, 338534.29, 5744473.25)"
Hemden,55226,Bocholt,5554008,"(332355.19, 5748157.13, 336676.8, 5752796.29)"
Holtwick,55228,Bocholt,5554008,"(331893.96, 5747103.52, 335065.83, 5748901.84)"
Liedern,55229,Bocholt,5554008,"(328748.02, 5742916.52, 332539.16, 5747146.72)"
Suderwick,55234,Bocholt,5554008,"(325952.01, 5746773.42, 330362.46, 5750051.82)"
Grütlohn,55235,Borken,5554012,"(347078.87, 5740578.6, 352507.18, 5744763.21)"
Homer,55236,Raesfeld,5554040,"(345082.48, 5737357.08, 347477.51, 5740770.17)"
Westenborken,55239,Borken,5554012,"(346359.52, 5740640.23, 350610.79, 5745066.86)"
Büngern,55241,Rhede,5554048,"(337545.39, 5738827.63, 340944.23, 5744483.75)"
Nordvelen,55246,Velen,5554064,"(357358.03, 5751798.09, 362377.97, 5756515.04)"
Klein-Reken,55247,Reken,5554044,"(363489.76, 5738006.9, 367361.86, 5741008.69)"
Hülsten,55248,Reken,5554044,"(366464.66, 5738348.79, 374140.56, 5744573.63)"
Büren,55249,Gescher,5554016,"(362773.64, 5758460.55, 366544.81, 5763388.58)"
Estern,55251,Gescher,5554016,"(357411.34, 5756010.26, 361832.21, 5760215.61)"
Merfeld,55255,Dülmen,5558016,"(369101.84, 5742187.38, 377600.24, 5747695.34)"
Darup,55256,Nottuln,5558032,"(379979.19, 5751455.67, 384538.87, 5757270.78)"
Limbergen,55257,Nottuln,5558032,"(381800.45, 5749936.82, 386713.57, 5753496.36)"
Olfen-Kirchspiel,55258,Olfen,5558036,"(382456.44, 5724951.11, 392981.76, 5733692.25)"
Elte,55259,Rheine,5566076,"(396140.91, 5786080.94, 403436.05, 5792453.45)"
Halverde,55262,Hopsten,5566020,"(406705.18, 5805840.15, 412496.05, 5810555.94)"
Hüllen,55269,Gelsenkirchen,5513000,"(369592.39, 5707692.59, 371219.06, 5709847.65)"
Isselburg,55272,Isselburg,5554032,"(323769.24, 5743621.57, 326570.66, 5746099.41)"
Vehlingen,55274,Isselburg,5554032,"(321066.44, 5743933.63, 324778.4, 5747485.23)"
Herzebocholt,55275,Isselburg,5554032,"(325497.25, 5744219.93, 329282.83, 5747643.23)"
Pöppinghausen,55279,Castrop-Rauxel,5562004,"(378202.57, 5714079.55, 381836.1, 5716292.13)"
Behringhausen,55280,Castrop-Rauxel,5562004,"(380937.05, 5711406.7, 382382.93, 5713095.63)"
Bövinghausen,55281,Castrop-Rauxel,5562004,"(382293.56, 5709207.99, 383729.84, 5710560.24)"
Deininghausen,55282,Castrop-Rauxel,5562004,"(383396.17, 5713378.07, 385901.97, 5715496.04)"
Dingen,55283,Castrop-Rauxel,5562004,"(384253.16, 5711711.63, 386062.11, 5713650.09)"
Frohlinde,55284,Castrop-Rauxel,5562004,"(384227.7, 5709204.17, 386510.46, 5711324.52)"
Merklinde,55288,Castrop-Rauxel,5562004,"(383521.74, 5708990.82, 385207.85, 5710691.73)"
Obercastrop,55289,Castrop-Rauxel,5562004,"(381608.72, 5709838.16, 383589.46, 5711896.72)"
Königsdorf,54663,Frechen,5362024,"(340136.19, 5644407.17, 345004.44, 5646578.52)"
